Delta Value,Min Window Length,Rolling Avg Days,Decay Change Detection Delay (Avg),Decay Change Point Detection Delay (Median),Decay Change Point Detection Delay (Rolling Avg),Growth Change Detection Delay (Avg),Growth Change Point Detection Delay (Median),Growth Change Point Detection Delay (Rolling Avg),Normal Change Detection Delay (Avg),Normal Change Point Detection Delay (Median),Normal Change Point Detection Delay (Rolling Avg)
0.5,1,1,"[43.0, 140.0]","[-47.0, 56.0]","[43.0, 140.0]","[69.0, 165.0]","[-47.0, 88.0]","[69.0, 165.0]",[],[-47.0],[]
0.5,1,2,"[43.0, 140.0]","[-47.0, 56.0]","[39.0, 134.0]","[69.0, 165.0]","[-47.0, 88.0]","[47.0, 99.0, 171.0]",[],[-47.0],[]
0.5,1,3,"[43.0, 140.0]","[-47.0, 56.0]","[-54.0, 39.0, 131.0]","[69.0, 165.0]","[-47.0, 88.0]","[-54.0, 63.0, 107.0, 167.0]",[],[-47.0],[-54.0]
0.5,1,4,"[43.0, 140.0]","[-47.0, 56.0]","[-56.0, 40.0, 130.0]","[69.0, 165.0]","[-47.0, 88.0]","[-56.0, 47.0, 97.0, 168.0]",[],[-47.0],"[-56.0, 114.0]"
0.5,1,5,"[43.0, 140.0]","[-47.0, 56.0]","[-62.0, 39.0, 130.0]","[69.0, 165.0]","[-47.0, 88.0]","[-62.0, 47.0, 97.0, 168.0]",[],[-47.0],"[-62.0, 111.0]"
0.5,1,6,"[43.0, 140.0]","[-47.0, 56.0]","[-63.0, 39.0, 129.0]","[69.0, 165.0]","[-47.0, 88.0]","[-63.0, 24.0, 91.0, 164.0]",[],[-47.0],"[-63.0, 112.0]"
0.5,1,7,"[43.0, 140.0]","[-47.0, 56.0]","[-63.0, 39.0, 129.0]","[69.0, 165.0]","[-47.0, 88.0]","[-63.0, 24.0, 92.0, 164.0]",[],[-47.0],"[-63.0, 112.0]"
0.5,1,8,"[43.0, 140.0]","[-47.0, 56.0]","[-63.0, 40.0, 129.0]","[69.0, 165.0]","[-47.0, 88.0]","[-63.0, 23.0, 92.0, 165.0]",[],[-47.0],"[-63.0, 110.0]"
0.5,1,9,"[43.0, 140.0]","[-47.0, 56.0]","[-63.0, 40.0, 130.0]","[69.0, 165.0]","[-47.0, 88.0]","[-63.0, 22.0, 93.0, 165.0]",[],[-47.0],"[-63.0, 110.0]"
0.5,1,10,"[43.0, 140.0]","[-47.0, 56.0]","[-62.0, 40.0, 130.0]","[69.0, 165.0]","[-47.0, 88.0]","[-62.0, 21.0, 93.0, 165.0]",[],[-47.0],"[-62.0, 110.0]"
0.5,1,11,"[43.0, 140.0]","[-47.0, 56.0]","[-62.0, 41.0, 130.0]","[69.0, 165.0]","[-47.0, 88.0]","[-62.0, 21.0, 94.0, 165.0]",[],[-47.0],"[-62.0, 109.0]"
0.5,1,12,"[43.0, 140.0]","[-47.0, 56.0]","[-63.0, 41.0, 130.0]","[69.0, 165.0]","[-47.0, 88.0]","[-63.0, 22.0, 94.0, 165.0]",[],[-47.0],"[-63.0, 89.0, 174.0]"
0.5,1,13,"[43.0, 140.0]","[-47.0, 56.0]","[-63.0, 42.0, 130.0, 184.0]","[69.0, 165.0]","[-47.0, 88.0]","[-63.0, 22.0, 94.0, 165.0]",[],[-47.0],"[-63.0, 87.0]"
0.5,1,14,"[43.0, 140.0]","[-47.0, 56.0]","[-63.0, 42.0, 130.0, 182.0]","[69.0, 165.0]","[-47.0, 88.0]","[-63.0, 22.0, 95.0, 166.0]",[],[-47.0],"[-63.0, 87.0]"
0.5,2,1,"[44.0, 143.0]","[-46.0, 57.0, 169.0]","[44.0, 143.0]","[69.0, 166.0]","[-46.0, 88.0]","[69.0, 166.0]",[],[-46.0],[]
0.5,2,2,"[44.0, 143.0]","[-46.0, 57.0, 169.0]","[40.0, 136.0]","[69.0, 166.0]","[-46.0, 88.0]","[47.0, 101.0, 184.0]",[],[-46.0],[]
0.5,2,3,"[44.0, 143.0]","[-46.0, 57.0, 169.0]","[-53.0, 42.0, 132.0]","[69.0, 166.0]","[-46.0, 88.0]","[-53.0, 63.0, 108.0, 170.0]",[],[-46.0],[-53.0]
0.5,2,4,"[44.0, 143.0]","[-46.0, 57.0, 169.0]","[-55.0, 40.0, 130.0]","[69.0, 166.0]","[-46.0, 88.0]","[-55.0, 24.0, 90.0, 165.0]",[],[-46.0],"[-55.0, 116.0]"
0.5,2,5,"[44.0, 143.0]","[-46.0, 57.0, 169.0]","[-57.0, 41.0, 130.0]","[69.0, 166.0]","[-46.0, 88.0]","[-57.0, 49.0, 98.0, 167.0]",[],[-46.0],"[-57.0, 113.0]"
0.5,2,6,"[44.0, 143.0]","[-46.0, 57.0, 169.0]","[-62.0, 40.0, 130.0]","[69.0, 166.0]","[-46.0, 88.0]","[-62.0, 45.0, 98.0, 168.0]",[],[-46.0],"[-62.0, 112.0]"
0.5,2,7,"[44.0, 143.0]","[-46.0, 57.0, 169.0]","[-62.0, 40.0, 130.0]","[69.0, 166.0]","[-46.0, 88.0]","[-62.0, 24.0, 93.0, 165.0]",[],[-46.0],"[-62.0, 112.0]"
0.5,2,8,"[44.0, 143.0]","[-46.0, 57.0, 169.0]","[-62.0, 40.0, 130.0]","[69.0, 166.0]","[-46.0, 88.0]","[-62.0, 24.0, 93.0, 165.0]",[],[-46.0],"[-62.0, 112.0]"
0.5,2,9,"[44.0, 143.0]","[-46.0, 57.0, 169.0]","[-62.0, 41.0, 130.0]","[69.0, 166.0]","[-46.0, 88.0]","[-62.0, 24.0, 93.0, 165.0]",[],[-46.0],"[-62.0, 112.0]"
0.5,2,10,"[44.0, 143.0]","[-46.0, 57.0, 169.0]","[-61.0, 41.0, 130.0]","[69.0, 166.0]","[-46.0, 88.0]","[-61.0, 23.0, 94.0, 165.0]",[],[-46.0],"[-61.0, 112.0]"
0.5,2,11,"[44.0, 143.0]","[-46.0, 57.0, 169.0]","[-61.0, 41.0, 130.0]","[69.0, 166.0]","[-46.0, 88.0]","[-61.0, 22.0, 94.0, 165.0]",[],[-46.0],"[-61.0, 113.0]"
0.5,2,12,"[44.0, 143.0]","[-46.0, 57.0, 169.0]","[-62.0, 42.0, 130.0]","[69.0, 166.0]","[-46.0, 88.0]","[-62.0, 22.0, 94.0, 166.0]",[],[-46.0],"[-62.0, 92.0, 146.0]"
0.5,2,13,"[44.0, 143.0]","[-46.0, 57.0, 169.0]","[-61.0, 43.0, 130.0]","[69.0, 166.0]","[-46.0, 88.0]","[-61.0, 22.0, 95.0, 166.0]",[],[-46.0],"[-61.0, 90.0, 175.0]"
0.5,2,14,"[44.0, 143.0]","[-46.0, 57.0, 169.0]","[-62.0, 43.0, 131.0]","[69.0, 166.0]","[-46.0, 88.0]","[-62.0, 24.0, 95.0, 166.0]",[],[-46.0],"[-62.0, 88.0, 184.0]"
0.5,5,1,"[50.0, 146.0]","[-46.0, 103.0]","[50.0, 146.0]","[75.0, 170.0]","[-46.0, 88.0]","[75.0, 170.0]",[],[-46.0],[]
0.5,5,2,"[50.0, 146.0]","[-46.0, 103.0]","[42.0, 138.0]","[75.0, 170.0]","[-46.0, 88.0]","[50.0, 106.0]",[],[-46.0],[]
0.5,5,3,"[50.0, 146.0]","[-46.0, 103.0]","[41.0, 134.0]","[75.0, 170.0]","[-46.0, 88.0]","[44.0, 102.0, 184.0]",[],[-46.0],[]
0.5,5,4,"[50.0, 146.0]","[-46.0, 103.0]","[-54.0, 43.0, 132.0]","[75.0, 170.0]","[-46.0, 88.0]","[-54.0, 51.0, 104.0, 183.0]",[],[-46.0],[-54.0]
0.5,5,5,"[50.0, 146.0]","[-46.0, 103.0]","[-56.0, 43.0, 131.0]","[75.0, 170.0]","[-46.0, 88.0]","[-56.0, 49.0, 102.0, 174.0]",[],[-46.0],[-56.0]
0.5,5,6,"[50.0, 146.0]","[-46.0, 103.0]","[-57.0, 42.0, 130.0]","[75.0, 170.0]","[-46.0, 88.0]","[-57.0, 48.0, 100.0, 169.0]",[],[-46.0],"[-57.0, 116.0]"
0.5,5,7,"[50.0, 146.0]","[-46.0, 103.0]","[-58.0, 42.0, 131.0]","[75.0, 170.0]","[-46.0, 88.0]","[-58.0, 46.0, 101.0, 170.0]",[],[-46.0],"[-58.0, 114.0]"
0.5,5,8,"[50.0, 146.0]","[-46.0, 103.0]","[-59.0, 43.0, 130.0]","[75.0, 170.0]","[-46.0, 88.0]","[-59.0, 44.0, 101.0, 170.0]",[],[-46.0],"[-59.0, 115.0]"
0.5,5,9,"[50.0, 146.0]","[-46.0, 103.0]","[-58.0, 43.0, 131.0]","[75.0, 170.0]","[-46.0, 88.0]","[-58.0, 27.0, 98.0, 172.0]",[],[-46.0],"[-58.0, 115.0]"
0.5,5,10,"[50.0, 146.0]","[-46.0, 103.0]","[-57.0, 44.0, 131.0]","[75.0, 170.0]","[-46.0, 88.0]","[-57.0, 26.0, 96.0, 168.0]",[],[-46.0],"[-57.0, 115.0]"
0.5,5,11,"[50.0, 146.0]","[-46.0, 103.0]","[-57.0, 44.0, 131.0]","[75.0, 170.0]","[-46.0, 88.0]","[-57.0, 25.0, 96.0, 167.0]",[],[-46.0],"[-57.0, 116.0]"
0.5,5,12,"[50.0, 146.0]","[-46.0, 103.0]","[-57.0, 45.0, 132.0]","[75.0, 170.0]","[-46.0, 88.0]","[-57.0, 25.0, 97.0, 168.0]",[],[-46.0],"[-57.0, 116.0]"
0.5,5,13,"[50.0, 146.0]","[-46.0, 103.0]","[-57.0, 45.0, 132.0]","[75.0, 170.0]","[-46.0, 88.0]","[-57.0, 28.0, 98.0, 169.0]",[],[-46.0],"[-57.0, 117.0]"
0.5,5,14,"[50.0, 146.0]","[-46.0, 103.0]","[-57.0, 46.0, 132.0]","[75.0, 170.0]","[-46.0, 88.0]","[-57.0, 30.0, 99.0, 171.0]",[],[-46.0],"[-57.0, 117.0]"
0.5,10,1,"[52.0, 148.0]",[96.0],"[52.0, 148.0]",[77.0],[47.0],[77.0],[],[],[]
0.5,10,2,"[52.0, 148.0]",[96.0],"[49.0, 141.0]",[77.0],[47.0],"[62.0, 160.0]",[],[],[]
0.5,10,3,"[52.0, 148.0]",[96.0],"[47.0, 138.0]",[77.0],[47.0],"[47.0, 108.0]",[],[],[]
0.5,10,4,"[52.0, 148.0]",[96.0],"[46.0, 137.0]",[77.0],[47.0],"[43.0, 107.0]",[],[],[85.0]
0.5,10,5,"[52.0, 148.0]",[96.0],"[-53.0, 49.0, 134.0]",[77.0],[47.0],"[-53.0, 62.0, 138.0]",[],[],[-53.0]
0.5,10,6,"[52.0, 148.0]",[96.0],"[-54.0, 47.0, 134.0]",[77.0],[47.0],"[-54.0, 48.0, 107.0]",[],[],[-54.0]
0.5,10,7,"[52.0, 148.0]",[96.0],"[-54.0, 47.0, 134.0]",[77.0],[47.0],"[-54.0, 47.0, 107.0]",[],[],[-54.0]
0.5,10,8,"[52.0, 148.0]",[96.0],"[-54.0, 47.0, 134.0]",[77.0],[47.0],"[-54.0, 47.0, 107.0]",[],[],[-54.0]
0.5,10,9,"[52.0, 148.0]",[96.0],"[-54.0, 48.0, 134.0]",[77.0],[47.0],"[-54.0, 47.0, 107.0]",[],[],[-54.0]
0.5,10,10,"[52.0, 148.0]",[96.0],"[-54.0, 48.0, 135.0]",[77.0],[47.0],"[-54.0, 48.0, 107.0, 184.0]",[],[],[-54.0]
0.5,10,11,"[52.0, 148.0]",[96.0],"[-54.0, 48.0, 135.0]",[77.0],[47.0],"[-54.0, 48.0, 108.0, 184.0]",[],[],[-54.0]
0.5,10,12,"[52.0, 148.0]",[96.0],"[-54.0, 49.0, 135.0]",[77.0],[47.0],"[-54.0, 48.0, 108.0, 184.0]",[],[],[-54.0]
0.5,10,13,"[52.0, 148.0]",[96.0],"[-54.0, 49.0, 135.0]",[77.0],[47.0],"[-54.0, 48.0, 108.0, 183.0]",[],[],[-54.0]
0.5,10,14,"[52.0, 148.0]",[96.0],"[-54.0, 50.0, 136.0]",[77.0],[47.0],"[-54.0, 47.0, 109.0, 183.0]",[],[],[-54.0]
0.5,15,1,"[59.0, 150.0]",[98.0],"[59.0, 150.0]",[80.0],[50.0],[80.0],[],[],[]
0.5,15,2,"[59.0, 150.0]",[98.0],"[52.0, 143.0]",[80.0],[50.0],"[63.0, 162.0]",[],[],[]
0.5,15,3,"[59.0, 150.0]",[98.0],"[52.0, 141.0]",[80.0],[50.0],"[50.0, 122.0]",[],[],[]
0.5,15,4,"[59.0, 150.0]",[98.0],"[52.0, 140.0]",[80.0],[50.0],"[46.0, 112.0]",[],[],[87.0]
0.5,15,5,"[59.0, 150.0]",[98.0],"[51.0, 139.0]",[80.0],[50.0],"[44.0, 111.0]",[],[],[84.0]
0.5,15,6,"[59.0, 150.0]",[98.0],"[-51.0, 53.0, 139.0]",[80.0],[50.0],"[-51.0, 53.0, 115.0]",[],[],[-51.0]
0.5,15,7,"[59.0, 150.0]",[98.0],"[-52.0, 53.0, 138.0]",[80.0],[50.0],"[-52.0, 49.0, 112.0]",[],[],[-52.0]
0.5,15,8,"[59.0, 150.0]",[98.0],"[-51.0, 53.0, 138.0]",[80.0],[50.0],"[-51.0, 47.0, 112.0]",[],[],[-51.0]
0.5,15,9,"[59.0, 150.0]",[98.0],"[-51.0, 53.0, 138.0]",[80.0],[50.0],"[-51.0, 46.0, 112.0]",[],[],[-51.0]
0.5,15,10,"[59.0, 150.0]",[98.0],"[-50.0, 53.0, 138.0]",[80.0],[50.0],"[-50.0, 46.0, 113.0]",[],[],"[-50.0, 90.0]"
0.5,15,11,"[59.0, 150.0]",[98.0],"[-49.0, 54.0, 138.0]",[80.0],[50.0],"[-49.0, 47.0, 113.0]",[],[],"[-49.0, 91.0]"
0.5,15,12,"[59.0, 150.0]",[98.0],"[-49.0, 54.0, 138.0]",[80.0],[50.0],"[-49.0, 47.0, 113.0]",[],[],"[-49.0, 90.0]"
0.5,15,13,"[59.0, 150.0]",[98.0],"[-48.0, 54.0, 138.0]",[80.0],[50.0],"[-48.0, 48.0, 114.0]",[],[],"[-48.0, 93.0]"
0.5,15,14,"[59.0, 150.0]",[98.0],"[-49.0, 55.0, 139.0]",[80.0],[50.0],"[-49.0, 48.0, 114.0]",[],[],[-49.0]
0.5,20,1,"[71.0, 158.0]",[100.0],"[71.0, 158.0]",[82.0],[63.0],[82.0],[],[],[]
0.5,20,2,"[71.0, 158.0]",[100.0],"[59.0, 151.0]",[82.0],[63.0],"[64.0, 167.0]",[],[],[]
0.5,20,3,"[71.0, 158.0]",[100.0],"[57.0, 146.0]",[82.0],[63.0],"[62.0, 167.0]",[],[],[]
0.5,20,4,"[71.0, 158.0]",[100.0],"[56.0, 143.0]",[82.0],[63.0],"[49.0, 138.0]",[],[],[]
0.5,20,5,"[71.0, 158.0]",[100.0],"[55.0, 143.0]",[82.0],[63.0],"[47.0, 124.0]",[],[],[86.0]
0.5,20,6,"[71.0, 158.0]",[100.0],"[55.0, 143.0]",[82.0],[63.0],"[45.0, 121.0]",[],[],[82.0]
0.5,20,7,"[71.0, 158.0]",[100.0],"[55.0, 143.0]",[82.0],[63.0],"[45.0, 120.0]",[],[],[82.0]
0.5,20,8,"[71.0, 158.0]",[100.0],"[55.0, 143.0]",[82.0],[63.0],"[45.0, 120.0]",[],[],[82.0]
0.5,20,9,"[71.0, 158.0]",[100.0],"[55.0, 143.0]",[82.0],[63.0],"[45.0, 120.0]",[],[],[82.0]
0.5,20,10,"[71.0, 158.0]",[100.0],"[55.0, 143.0]",[82.0],[63.0],"[46.0, 120.0]",[],[],[82.0]
0.5,20,11,"[71.0, 158.0]",[100.0],"[55.0, 143.0]",[82.0],[63.0],"[30.0, 113.0]",[],[],[82.0]
0.5,20,12,"[71.0, 158.0]",[100.0],"[55.0, 143.0]",[82.0],[63.0],"[27.0, 112.0]",[],[],[54.0]
0.5,20,13,"[71.0, 158.0]",[100.0],"[56.0, 143.0]",[82.0],[63.0],"[25.0, 111.0]",[],[],[52.0]
0.5,20,14,"[71.0, 158.0]",[100.0],"[57.0, 144.0]",[82.0],[63.0],"[24.0, 111.0]",[],[],[47.0]
0.5,50,1,[104.0],[124.0],[104.0],[94.0],[106.0],[94.0],[],[],[]
0.5,50,2,[104.0],[124.0],[96.0],[94.0],[106.0],[86.0],[],[],[]
0.5,50,3,[104.0],[124.0],[91.0],[94.0],[106.0],[81.0],[],[],[]
0.5,50,4,[104.0],[124.0],[88.0],[94.0],[106.0],[77.0],[],[],[]
0.5,50,5,[104.0],[124.0],[87.0],[94.0],[106.0],[74.0],[],[],[]
0.5,50,6,[104.0],[124.0],[79.0],[94.0],[106.0],[72.0],[],[],[]
0.5,50,7,[104.0],[124.0],[78.0],[94.0],[106.0],[70.0],[],[],[]
0.5,50,8,[104.0],[124.0],[77.0],[94.0],[106.0],[70.0],[],[],[]
0.5,50,9,[104.0],[124.0],[77.0],[94.0],[106.0],[69.0],[],[],[]
0.5,50,10,[104.0],[124.0],[77.0],[94.0],[106.0],[69.0],[],[],[]
0.5,50,11,[104.0],[124.0],[77.0],[94.0],[106.0],[68.0],[],[],[]
0.5,50,12,[104.0],[124.0],[76.0],[94.0],[106.0],[67.0],[],[],[]
0.5,50,13,[104.0],[124.0],[76.0],[94.0],[106.0],[66.0],[],[],[]
0.5,50,14,[104.0],[124.0],[76.0],[94.0],[106.0],[66.0],[],[],[]
0.25,1,1,"[50.0, 148.0]",[98.0],"[50.0, 148.0]",[82.0],[65.0],[82.0],[],[],[]
0.25,1,2,"[50.0, 148.0]",[98.0],"[41.0, 140.0]",[82.0],[65.0],"[63.0, 151.0]",[],[],[]
0.25,1,3,"[50.0, 148.0]",[98.0],"[40.0, 137.0]",[82.0],[65.0],"[48.0, 104.0]",[],[],[]
0.25,1,4,"[50.0, 148.0]",[98.0],"[40.0, 135.0]",[82.0],[65.0],"[24.0, 98.0, 173.0]",[],[],[]
0.25,1,5,"[50.0, 148.0]",[98.0],"[-51.0, 42.0, 133.0]",[82.0],[65.0],"[-51.0, 49.0, 102.0, 175.0]",[],[],[-51.0]
0.25,1,6,"[50.0, 148.0]",[98.0],"[-53.0, 42.0, 132.0]",[82.0],[65.0],"[-53.0, 48.0, 100.0, 172.0]",[],[],[-53.0]
0.25,1,7,"[50.0, 148.0]",[98.0],"[-53.0, 42.0, 133.0]",[82.0],[65.0],"[-53.0, 46.0, 101.0, 172.0]",[],[],[-53.0]
0.25,1,8,"[50.0, 148.0]",[98.0],"[-53.0, 42.0, 134.0]",[82.0],[65.0],"[-53.0, 46.0, 102.0, 173.0]",[],[],"[-53.0, 116.0]"
0.25,1,9,"[50.0, 148.0]",[98.0],"[-52.0, 43.0, 133.0]",[82.0],[65.0],"[-52.0, 26.0, 98.0, 173.0]",[],[],"[-52.0, 89.0]"
0.25,1,10,"[50.0, 148.0]",[98.0],"[-51.0, 43.0, 134.0]",[82.0],[65.0],"[-51.0, 24.0, 98.0, 172.0]",[],[],"[-51.0, 85.0]"
0.25,1,11,"[50.0, 148.0]",[98.0],"[-51.0, 43.0, 134.0]",[82.0],[65.0],"[-51.0, 26.0, 98.0, 172.0]",[],[],"[-51.0, 87.0]"
0.25,1,12,"[50.0, 148.0]",[98.0],"[-52.0, 44.0, 134.0]",[82.0],[65.0],"[-52.0, 28.0, 99.0, 173.0]",[],[],"[-52.0, 119.0]"
0.25,1,13,"[50.0, 148.0]",[98.0],"[-51.0, 44.0, 134.0]",[82.0],[65.0],"[-51.0, 32.0, 100.0, 174.0]",[],[],"[-51.0, 89.0]"
0.25,1,14,"[50.0, 148.0]",[98.0],"[-51.0, 45.0, 134.0]",[82.0],[65.0],"[-51.0, 32.0, 100.0, 174.0]",[],[],"[-51.0, 90.0]"
0.25,2,1,"[50.0, 148.0]",[98.0],"[50.0, 148.0]",[84.0],[67.0],[84.0],[],[],[]
0.25,2,2,"[50.0, 148.0]",[98.0],"[42.0, 140.0]",[84.0],[67.0],"[63.0, 157.0]",[],[],[]
0.25,2,3,"[50.0, 148.0]",[98.0],"[41.0, 138.0]",[84.0],[67.0],"[48.0, 105.0]",[],[],[]
0.25,2,4,"[50.0, 148.0]",[98.0],"[41.0, 135.0]",[84.0],[67.0],"[45.0, 104.0]",[],[],[]
0.25,2,5,"[50.0, 148.0]",[98.0],"[41.0, 134.0]",[84.0],[67.0],"[24.0, 98.0, 174.0]",[],[],[86.0]
0.25,2,6,"[50.0, 148.0]",[98.0],"[-52.0, 43.0, 132.0]",[84.0],[67.0],"[-52.0, 48.0, 102.0, 176.0]",[],[],[-52.0]
0.25,2,7,"[50.0, 148.0]",[98.0],"[-53.0, 43.0, 132.0]",[84.0],[67.0],"[-53.0, 47.0, 102.0, 175.0]",[],[],[-53.0]
0.25,2,8,"[50.0, 148.0]",[98.0],"[-52.0, 43.0, 133.0]",[84.0],[67.0],"[-52.0, 45.0, 102.0, 174.0]",[],[],"[-52.0, 90.0]"
0.25,2,9,"[50.0, 148.0]",[98.0],"[-52.0, 43.0, 134.0]",[84.0],[67.0],"[-52.0, 44.0, 103.0, 175.0]",[],[],"[-52.0, 90.0]"
0.25,2,10,"[50.0, 148.0]",[98.0],"[-51.0, 44.0, 134.0]",[84.0],[67.0],"[-51.0, 25.0, 99.0, 175.0]",[],[],"[-51.0, 86.0]"
0.25,2,11,"[50.0, 148.0]",[98.0],"[-50.0, 44.0, 134.0]",[84.0],[67.0],"[-50.0, 26.0, 100.0, 175.0]",[],[],"[-50.0, 86.0]"
0.25,2,12,"[50.0, 148.0]",[98.0],"[-51.0, 44.0, 134.0]",[84.0],[67.0],"[-51.0, 43.0, 104.0, 175.0]",[],[],"[-51.0, 88.0]"
0.25,2,13,"[50.0, 148.0]",[98.0],"[-50.0, 45.0, 134.0]",[84.0],[67.0],"[-50.0, 32.0, 101.0, 176.0]",[],[],"[-50.0, 88.0]"
0.25,2,14,"[50.0, 148.0]",[98.0],"[-50.0, 46.0, 134.0]",[84.0],[67.0],"[-50.0, 45.0, 105.0, 176.0]",[],[],"[-50.0, 91.0]"
0.25,5,1,"[52.0, 149.0]",[100.0],"[52.0, 149.0]",[85.0],[67.0],[85.0],[],[],[]
0.25,5,2,"[52.0, 149.0]",[100.0],"[46.0, 143.0]",[85.0],[67.0],"[64.0, 159.0]",[],[],[]
0.25,5,3,"[52.0, 149.0]",[100.0],"[44.0, 139.0]",[85.0],[67.0],"[50.0, 109.0]",[],[],[]
0.25,5,4,"[52.0, 149.0]",[100.0],"[43.0, 138.0]",[85.0],[67.0],"[46.0, 107.0]",[],[],[]
0.25,5,5,"[52.0, 149.0]",[100.0],"[43.0, 136.0]",[85.0],[67.0],"[44.0, 106.0]",[],[],[86.0]
0.25,5,6,"[52.0, 149.0]",[100.0],"[43.0, 134.0]",[85.0],[67.0],"[43.0, 106.0]",[],[],[84.0]
0.25,5,7,"[52.0, 149.0]",[100.0],"[43.0, 134.0]",[85.0],[67.0],"[43.0, 107.0]",[],[],[83.0]
0.25,5,8,"[52.0, 149.0]",[100.0],"[-50.0, 46.0, 135.0]",[85.0],[67.0],"[-50.0, 47.0, 106.0]",[],[],[-50.0]
0.25,5,9,"[52.0, 149.0]",[100.0],"[-49.0, 47.0, 136.0]",[85.0],[67.0],"[-49.0, 47.0, 107.0]",[],[],[-49.0]
0.25,5,10,"[52.0, 149.0]",[100.0],"[45.0, 136.0]",[85.0],[67.0],"[26.0, 102.0, 179.0]",[],[],[82.0]
0.25,5,11,"[52.0, 149.0]",[100.0],"[45.0, 136.0]",[85.0],[67.0],"[26.0, 102.0, 179.0]",[],[],[55.0]
0.25,5,12,"[52.0, 149.0]",[100.0],"[-43.0, 48.0, 136.0]",[85.0],[67.0],"[-43.0, 46.0, 108.0, 184.0]",[],[],[-43.0]
0.25,5,13,"[52.0, 149.0]",[100.0],"[-43.0, 48.0, 136.0]",[85.0],[67.0],"[-43.0, 47.0, 108.0, 183.0]",[],[],[-43.0]
0.25,5,14,"[52.0, 149.0]",[100.0],"[-44.0, 49.0, 136.0]",[85.0],[67.0],"[-44.0, 49.0, 108.0, 182.0]",[],[],[-44.0]
0.25,10,1,"[59.0, 150.0]",[106.0],"[59.0, 150.0]",[85.0],[70.0],[85.0],[],[],[]
0.25,10,2,"[59.0, 150.0]",[106.0],"[51.0, 145.0]",[85.0],[70.0],"[68.0, 170.0]",[],[],[]
0.25,10,3,"[59.0, 150.0]",[106.0],"[50.0, 143.0]",[85.0],[70.0],"[63.0, 161.0]",[],[],[]
0.25,10,4,"[59.0, 150.0]",[106.0],"[50.0, 141.0]",[85.0],[70.0],"[49.0, 111.0]",[],[],[]
0.25,10,5,"[59.0, 150.0]",[106.0],"[48.0, 140.0]",[85.0],[70.0],"[46.0, 111.0]",[],[],[90.0]
0.25,10,6,"[59.0, 150.0]",[106.0],"[48.0, 139.0]",[85.0],[70.0],"[44.0, 110.0]",[],[],[86.0]
0.25,10,7,"[59.0, 150.0]",[106.0],"[48.0, 140.0]",[85.0],[70.0],"[44.0, 110.0]",[],[],[84.0]
0.25,10,8,"[59.0, 150.0]",[106.0],"[48.0, 140.0]",[85.0],[70.0],"[45.0, 111.0]",[],[],[84.0]
0.25,10,9,"[59.0, 150.0]",[106.0],"[49.0, 140.0]",[85.0],[70.0],"[45.0, 111.0]",[],[],[85.0]
0.25,10,10,"[59.0, 150.0]",[106.0],"[49.0, 140.0]",[85.0],[70.0],"[45.0, 111.0]",[],[],[85.0]
0.25,10,11,"[59.0, 150.0]",[106.0],"[50.0, 140.0]",[85.0],[70.0],"[45.0, 112.0]",[],[],[84.0]
0.25,10,12,"[59.0, 150.0]",[106.0],"[50.0, 140.0]",[85.0],[70.0],"[45.0, 112.0]",[],[],[83.0]
0.25,10,13,"[59.0, 150.0]",[106.0],"[51.0, 140.0]",[85.0],[70.0],"[45.0, 112.0]",[],[],[82.0]
0.25,10,14,"[59.0, 150.0]",[106.0],"[51.0, 141.0]",[85.0],[70.0],"[33.0, 109.0]",[],[],[56.0]
0.25,15,1,"[72.0, 159.0]",[108.0],"[72.0, 159.0]",[86.0],[85.0],[86.0],[],[],[]
0.25,15,2,"[72.0, 159.0]",[108.0],"[56.0, 149.0]",[86.0],[85.0],"[70.0, 180.0]",[],[],[]
0.25,15,3,"[72.0, 159.0]",[108.0],"[54.0, 146.0]",[86.0],[85.0],"[64.0, 166.0]",[],[],[]
0.25,15,4,"[72.0, 159.0]",[108.0],"[53.0, 144.0]",[86.0],[85.0],"[62.0, 166.0]",[],[],[]
0.25,15,5,"[72.0, 159.0]",[108.0],"[53.0, 144.0]",[86.0],[85.0],"[49.0, 134.0]",[],[],[]
0.25,15,6,"[72.0, 159.0]",[108.0],"[53.0, 143.0]",[86.0],[85.0],"[47.0, 123.0]",[],[],[87.0]
0.25,15,7,"[72.0, 159.0]",[108.0],"[53.0, 143.0]",[86.0],[85.0],"[46.0, 120.0]",[],[],[86.0]
0.25,15,8,"[72.0, 159.0]",[108.0],"[53.0, 143.0]",[86.0],[85.0],"[46.0, 118.0]",[],[],[86.0]
0.25,15,9,"[72.0, 159.0]",[108.0],"[54.0, 143.0]",[86.0],[85.0],"[47.0, 119.0]",[],[],[86.0]
0.25,15,10,"[72.0, 159.0]",[108.0],"[54.0, 143.0]",[86.0],[85.0],"[47.0, 119.0]",[],[],[86.0]
0.25,15,11,"[72.0, 159.0]",[108.0],"[54.0, 143.0]",[86.0],[85.0],"[47.0, 119.0]",[],[],[86.0]
0.25,15,12,"[72.0, 159.0]",[108.0],"[54.0, 143.0]",[86.0],[85.0],"[47.0, 119.0]",[],[],[86.0]
0.25,15,13,"[72.0, 159.0]",[108.0],"[55.0, 143.0]",[86.0],[85.0],"[48.0, 121.0]",[],[],[86.0]
0.25,15,14,"[72.0, 159.0]",[108.0],"[55.0, 144.0]",[86.0],[85.0],"[48.0, 121.0]",[],[],[86.0]
0.25,20,1,"[76.0, 173.0]",[110.0],"[76.0, 173.0]",[87.0],[87.0],[87.0],[],[],[]
0.25,20,2,"[76.0, 173.0]",[110.0],"[65.0, 158.0]",[87.0],[87.0],[76.0],[],[],[]
0.25,20,3,"[76.0, 173.0]",[110.0],"[61.0, 157.0]",[87.0],[87.0],"[65.0, 171.0]",[],[],[]
0.25,20,4,"[76.0, 173.0]",[110.0],"[59.0, 152.0]",[87.0],[87.0],"[63.0, 171.0]",[],[],[]
0.25,20,5,"[76.0, 173.0]",[110.0],"[58.0, 150.0]",[87.0],[87.0],"[62.0, 171.0]",[],[],[]
0.25,20,6,"[76.0, 173.0]",[110.0],"[58.0, 149.0]",[87.0],[87.0],"[50.0, 141.0]",[],[],[90.0]
0.25,20,7,"[76.0, 173.0]",[110.0],"[58.0, 149.0]",[87.0],[87.0],"[49.0, 138.0]",[],[],[88.0]
0.25,20,8,"[76.0, 173.0]",[110.0],"[57.0, 148.0]",[87.0],[87.0],"[49.0, 137.0]",[],[],[88.0]
0.25,20,9,"[76.0, 173.0]",[110.0],"[57.0, 149.0]",[87.0],[87.0],"[49.0, 135.0]",[],[],[89.0]
0.25,20,10,"[76.0, 173.0]",[110.0],"[58.0, 149.0]",[87.0],[87.0],"[49.0, 135.0]",[],[],[88.0]
0.25,20,11,"[76.0, 173.0]",[110.0],"[58.0, 149.0]",[87.0],[87.0],"[49.0, 134.0]",[],[],[88.0]
0.25,20,12,"[76.0, 173.0]",[110.0],"[59.0, 150.0]",[87.0],[87.0],"[50.0, 134.0]",[],[],[87.0]
0.25,20,13,"[76.0, 173.0]",[110.0],"[59.0, 150.0]",[87.0],[87.0],"[50.0, 134.0]",[],[],[88.0]
0.25,20,14,"[76.0, 173.0]",[110.0],"[59.0, 150.0]",[87.0],[87.0],"[51.0, 135.0]",[],[],[88.0]
0.25,50,1,[108.0],[129.0],[108.0],[100.0],[118.0],[100.0],[],[],[]
0.25,50,2,[108.0],[129.0],[100.0],[100.0],[118.0],[89.0],[],[],[]
0.25,50,3,[108.0],[129.0],[97.0],[100.0],[118.0],[87.0],[],[],[]
0.25,50,4,[108.0],[129.0],[95.0],[100.0],[118.0],[84.0],[],[],[]
0.25,50,5,[108.0],[129.0],[94.0],[100.0],[118.0],[81.0],[],[],[]
0.25,50,6,[108.0],[129.0],[92.0],[100.0],[118.0],[79.0],[],[],[]
0.25,50,7,[108.0],[129.0],[91.0],[100.0],[118.0],[77.0],[],[],[]
0.25,50,8,[108.0],[129.0],[90.0],[100.0],[118.0],[76.0],[],[],[]
0.25,50,9,[108.0],[129.0],[88.0],[100.0],[118.0],[76.0],[],[],[]
0.25,50,10,[108.0],[129.0],[86.0],[100.0],[118.0],[76.0],[],[],[]
0.25,50,11,[108.0],[129.0],[85.0],[100.0],[118.0],[74.0],[],[],[]
0.25,50,12,[108.0],[129.0],[84.0],[100.0],[118.0],[73.0],[],[],[]
0.25,50,13,[108.0],[129.0],[84.0],[100.0],[118.0],[73.0],[],[],[]
0.25,50,14,[108.0],[129.0],[84.0],[100.0],[118.0],[72.0],[],[],[]
0.15,1,1,"[52.0, 149.0]",[106.0],"[52.0, 149.0]",[86.0],[85.0],[86.0],[],[],[]
0.15,1,2,"[52.0, 149.0]",[106.0],"[43.0, 142.0]",[86.0],[85.0],"[69.0, 167.0]",[],[],[]
0.15,1,3,"[52.0, 149.0]",[106.0],"[42.0, 140.0]",[86.0],[85.0],"[63.0, 153.0]",[],[],[]
0.15,1,4,"[52.0, 149.0]",[106.0],"[41.0, 138.0]",[86.0],[85.0],"[48.0, 106.0]",[],[],[]
0.15,1,5,"[52.0, 149.0]",[106.0],"[41.0, 137.0]",[86.0],[85.0],"[45.0, 105.0]",[],[],[]
0.15,1,6,"[52.0, 149.0]",[106.0],"[42.0, 136.0]",[86.0],[85.0],"[44.0, 105.0]",[],[],[87.0]
0.15,1,7,"[52.0, 149.0]",[106.0],"[42.0, 137.0]",[86.0],[85.0],"[44.0, 105.0]",[],[],[86.0]
0.15,1,8,"[52.0, 149.0]",[106.0],"[43.0, 136.0]",[86.0],[85.0],"[44.0, 106.0]",[],[],[86.0]
0.15,1,9,"[52.0, 149.0]",[106.0],"[43.0, 137.0]",[86.0],[85.0],"[26.0, 101.0, 182.0]",[],[],[86.0]
0.15,1,10,"[52.0, 149.0]",[106.0],"[43.0, 137.0]",[86.0],[85.0],"[25.0, 101.0, 178.0]",[],[],[86.0]
0.15,1,11,"[52.0, 149.0]",[106.0],"[43.0, 137.0]",[86.0],[85.0],"[25.0, 101.0, 178.0]",[],[],[86.0]
0.15,1,12,"[52.0, 149.0]",[106.0],"[44.0, 137.0]",[86.0],[85.0],"[27.0, 102.0, 177.0]",[],[],[83.0]
0.15,1,13,"[52.0, 149.0]",[106.0],"[45.0, 137.0]",[86.0],[85.0],"[29.0, 102.0, 178.0]",[],[],[82.0]
0.15,1,14,"[52.0, 149.0]",[106.0],"[45.0, 138.0]",[86.0],[85.0],"[43.0, 107.0, 180.0]",[],[],[56.0]
0.15,2,1,"[52.0, 149.0]",[106.0],"[52.0, 149.0]",[86.0],[86.0],[86.0],[],[],[]
0.15,2,2,"[52.0, 149.0]",[106.0],"[44.0, 142.0]",[86.0],[86.0],"[69.0, 167.0]",[],[],[]
0.15,2,3,"[52.0, 149.0]",[106.0],"[43.0, 140.0]",[86.0],[86.0],"[63.0, 159.0]",[],[],[]
0.15,2,4,"[52.0, 149.0]",[106.0],"[43.0, 139.0]",[86.0],[86.0],"[48.0, 107.0]",[],[],[]
0.15,2,5,"[52.0, 149.0]",[106.0],"[42.0, 137.0]",[86.0],[86.0],"[46.0, 107.0]",[],[],[]
0.15,2,6,"[52.0, 149.0]",[106.0],"[42.0, 137.0]",[86.0],[86.0],"[44.0, 106.0]",[],[],[87.0]
0.15,2,7,"[52.0, 149.0]",[106.0],"[43.0, 136.0]",[86.0],[86.0],"[44.0, 106.0]",[],[],[86.0]
0.15,2,8,"[52.0, 149.0]",[106.0],"[43.0, 137.0]",[86.0],[86.0],"[44.0, 106.0]",[],[],[86.0]
0.15,2,9,"[52.0, 149.0]",[106.0],"[43.0, 137.0]",[86.0],[86.0],"[44.0, 107.0]",[],[],[86.0]
0.15,2,10,"[52.0, 149.0]",[106.0],"[44.0, 137.0]",[86.0],[86.0],"[27.0, 102.0, 184.0]",[],[],[86.0]
0.15,2,11,"[52.0, 149.0]",[106.0],"[44.0, 138.0]",[86.0],[86.0],"[27.0, 102.0, 181.0]",[],[],[86.0]
0.15,2,12,"[52.0, 149.0]",[106.0],"[45.0, 138.0]",[86.0],[86.0],"[29.0, 103.0, 181.0]",[],[],[84.0]
0.15,2,13,"[52.0, 149.0]",[106.0],"[45.0, 138.0]",[86.0],[86.0],"[44.0, 107.0, 182.0]",[],[],[83.0]
0.15,2,14,"[52.0, 149.0]",[106.0],"[46.0, 138.0]",[86.0],[86.0],"[44.0, 108.0, 183.0]",[],[],[82.0]
0.15,5,1,"[53.0, 152.0]",[108.0],"[53.0, 152.0]",[86.0],[86.0],[86.0],[],[],[]
0.15,5,2,"[53.0, 152.0]",[108.0],"[50.0, 147.0]",[86.0],[86.0],"[72.0, 171.0]",[],[],[]
0.15,5,3,"[53.0, 152.0]",[108.0],"[46.0, 143.0]",[86.0],[86.0],"[64.0, 161.0]",[],[],[]
0.15,5,4,"[53.0, 152.0]",[108.0],"[45.0, 141.0]",[86.0],[86.0],"[50.0, 111.0]",[],[],[]
0.15,5,5,"[53.0, 152.0]",[108.0],"[44.0, 140.0]",[86.0],[86.0],"[47.0, 109.0]",[],[],[]
0.15,5,6,"[53.0, 152.0]",[108.0],"[44.0, 139.0]",[86.0],[86.0],"[45.0, 108.0]",[],[],[88.0]
0.15,5,7,"[53.0, 152.0]",[108.0],"[45.0, 139.0]",[86.0],[86.0],"[45.0, 108.0]",[],[],[87.0]
0.15,5,8,"[53.0, 152.0]",[108.0],"[45.0, 138.0]",[86.0],[86.0],"[45.0, 109.0]",[],[],[87.0]
0.15,5,9,"[53.0, 152.0]",[108.0],"[46.0, 139.0]",[86.0],[86.0],"[45.0, 109.0]",[],[],[87.0]
0.15,5,10,"[53.0, 152.0]",[108.0],"[46.0, 139.0]",[86.0],[86.0],"[46.0, 110.0]",[],[],[87.0]
0.15,5,11,"[53.0, 152.0]",[108.0],"[47.0, 139.0]",[86.0],[86.0],"[46.0, 110.0]",[],[],[87.0]
0.15,5,12,"[53.0, 152.0]",[108.0],"[47.0, 139.0]",[86.0],[86.0],"[46.0, 110.0]",[],[],[86.0]
0.15,5,13,"[53.0, 152.0]",[108.0],"[48.0, 139.0]",[86.0],[86.0],"[46.0, 110.0]",[],[],[87.0]
0.15,5,14,"[53.0, 152.0]",[108.0],"[49.0, 140.0]",[86.0],[86.0],"[46.0, 111.0]",[],[],[86.0]
0.15,10,1,"[72.0, 159.0]",[109.0],"[72.0, 159.0]",[88.0],[88.0],[88.0],[],[],[]
0.15,10,2,"[72.0, 159.0]",[109.0],"[53.0, 149.0]",[88.0],[88.0],[76.0],[],[],[]
0.15,10,3,"[72.0, 159.0]",[109.0],"[52.0, 146.0]",[88.0],[88.0],"[65.0, 166.0]",[],[],[]
0.15,10,4,"[72.0, 159.0]",[109.0],"[51.0, 145.0]",[88.0],[88.0],"[63.0, 165.0]",[],[],[]
0.15,10,5,"[72.0, 159.0]",[109.0],"[51.0, 143.0]",[88.0],[88.0],"[50.0, 125.0]",[],[],[]
0.15,10,6,"[72.0, 159.0]",[109.0],"[50.0, 143.0]",[88.0],[88.0],"[47.0, 114.0]",[],[],[]
0.15,10,7,"[72.0, 159.0]",[109.0],"[50.0, 143.0]",[88.0],[88.0],"[46.0, 113.0]",[],[],[90.0]
0.15,10,8,"[72.0, 159.0]",[109.0],"[50.0, 143.0]",[88.0],[88.0],"[47.0, 114.0]",[],[],[89.0]
0.15,10,9,"[72.0, 159.0]",[109.0],"[51.0, 143.0]",[88.0],[88.0],"[47.0, 115.0]",[],[],[90.0]
0.15,10,10,"[72.0, 159.0]",[109.0],"[51.0, 143.0]",[88.0],[88.0],"[48.0, 115.0]",[],[],[90.0]
0.15,10,11,"[72.0, 159.0]",[109.0],"[51.0, 143.0]",[88.0],[88.0],"[48.0, 115.0]",[],[],[89.0]
0.15,10,12,"[72.0, 159.0]",[109.0],"[52.0, 143.0]",[88.0],[88.0],"[48.0, 117.0]",[],[],[88.0]
0.15,10,13,"[72.0, 159.0]",[109.0],"[52.0, 143.0]",[88.0],[88.0],"[48.0, 117.0]",[],[],[88.0]
0.15,10,14,"[72.0, 159.0]",[109.0],"[53.0, 143.0]",[88.0],[88.0],"[49.0, 119.0]",[],[],[89.0]
0.15,15,1,"[76.0, 172.0]",[112.0],"[76.0, 172.0]",[88.0],[92.0],[88.0],[],[],[]
0.15,15,2,"[76.0, 172.0]",[112.0],"[60.0, 157.0]",[88.0],[92.0],[78.0],[],[],[]
0.15,15,3,"[76.0, 172.0]",[112.0],"[56.0, 150.0]",[88.0],[92.0],"[69.0, 176.0]",[],[],[]
0.15,15,4,"[76.0, 172.0]",[112.0],"[55.0, 149.0]",[88.0],[92.0],"[64.0, 170.0]",[],[],[]
0.15,15,5,"[76.0, 172.0]",[112.0],"[55.0, 148.0]",[88.0],[92.0],"[63.0, 169.0]",[],[],[]
0.15,15,6,"[76.0, 172.0]",[112.0],"[54.0, 147.0]",[88.0],[92.0],"[51.0, 139.0]",[],[],[]
0.15,15,7,"[76.0, 172.0]",[112.0],"[55.0, 147.0]",[88.0],[92.0],"[49.0, 135.0]",[],[],[]
0.15,15,8,"[76.0, 172.0]",[112.0],"[55.0, 147.0]",[88.0],[92.0],"[49.0, 134.0]",[],[],[]
0.15,15,9,"[76.0, 172.0]",[112.0],"[55.0, 147.0]",[88.0],[92.0],"[49.0, 132.0]",[],[],[]
0.15,15,10,"[76.0, 172.0]",[112.0],"[55.0, 147.0]",[88.0],[92.0],"[50.0, 132.0]",[],[],[]
0.15,15,11,"[76.0, 172.0]",[112.0],"[56.0, 147.0]",[88.0],[92.0],"[50.0, 131.0]",[],[],[92.0]
0.15,15,12,"[76.0, 172.0]",[112.0],"[56.0, 147.0]",[88.0],[92.0],"[50.0, 130.0]",[],[],[91.0]
0.15,15,13,"[76.0, 172.0]",[112.0],"[56.0, 147.0]",[88.0],[92.0],"[50.0, 130.0]",[],[],[91.0]
0.15,15,14,"[76.0, 172.0]",[112.0],"[57.0, 148.0]",[88.0],[92.0],"[51.0, 131.0]",[],[],[92.0]
0.15,20,1,"[79.0, 177.0]",[122.0],"[79.0, 177.0]",[93.0],[96.0],[93.0],[],[],[]
0.15,20,2,"[79.0, 177.0]",[122.0],"[71.0, 164.0]",[93.0],[96.0],[81.0],[],[],[]
0.15,20,3,"[79.0, 177.0]",[122.0],"[65.0, 159.0]",[93.0],[96.0],[72.0],[],[],[]
0.15,20,4,"[79.0, 177.0]",[122.0],"[62.0, 159.0]",[93.0],[96.0],"[66.0, 173.0]",[],[],[]
0.15,20,5,"[79.0, 177.0]",[122.0],"[60.0, 156.0]",[93.0],[96.0],"[64.0, 174.0]",[],[],[]
0.15,20,6,"[79.0, 177.0]",[122.0],"[60.0, 155.0]",[93.0],[96.0],"[63.0, 174.0]",[],[],[]
0.15,20,7,"[79.0, 177.0]",[122.0],"[60.0, 155.0]",[93.0],[96.0],"[55.0, 159.0]",[],[],[]
0.15,20,8,"[79.0, 177.0]",[122.0],"[60.0, 155.0]",[93.0],[96.0],"[53.0, 154.0]",[],[],[]
0.15,20,9,"[79.0, 177.0]",[122.0],"[60.0, 155.0]",[93.0],[96.0],"[53.0, 150.0]",[],[],[]
0.15,20,10,"[79.0, 177.0]",[122.0],"[60.0, 155.0]",[93.0],[96.0],"[53.0, 146.0]",[],[],[]
0.15,20,11,"[79.0, 177.0]",[122.0],"[60.0, 155.0]",[93.0],[96.0],"[53.0, 145.0]",[],[],[]
0.15,20,12,"[79.0, 177.0]",[122.0],"[61.0, 155.0]",[93.0],[96.0],"[53.0, 144.0]",[],[],[]
0.15,20,13,"[79.0, 177.0]",[122.0],"[61.0, 155.0]",[93.0],[96.0],"[53.0, 143.0]",[],[],[]
0.15,20,14,"[79.0, 177.0]",[122.0],"[61.0, 156.0]",[93.0],[96.0],"[54.0, 144.0]",[],[],[]
0.15,50,1,[113.0],[138.0],[113.0],[105.0],[131.0],[105.0],[],[],[]
0.15,50,2,[113.0],[138.0],[103.0],[105.0],[131.0],[94.0],[],[],[]
0.15,50,3,[113.0],[138.0],[100.0],[105.0],[131.0],[89.0],[],[],[]
0.15,50,4,[113.0],[138.0],[98.0],[105.0],[131.0],[87.0],[],[],[]
0.15,50,5,[113.0],[138.0],[97.0],[105.0],[131.0],[85.0],[],[],[]
0.15,50,6,[113.0],[138.0],[96.0],[105.0],[131.0],[83.0],[],[],[]
0.15,50,7,[113.0],[138.0],[95.0],[105.0],[131.0],[81.0],[],[],[]
0.15,50,8,[113.0],[138.0],[95.0],[105.0],[131.0],[81.0],[],[],[]
0.15,50,9,[113.0],[138.0],[95.0],[105.0],[131.0],[81.0],[],[],[]
0.15,50,10,[113.0],[138.0],[95.0],[105.0],[131.0],[80.0],[],[],[]
0.15,50,11,[113.0],[138.0],[94.0],[105.0],[131.0],[80.0],[],[],[]
0.15,50,12,[113.0],[138.0],[94.0],[105.0],[131.0],[79.0],[],[],[]
0.15,50,13,[113.0],[138.0],[94.0],[105.0],[131.0],[78.0],[],[],[]
0.15,50,14,[113.0],[138.0],[94.0],[105.0],[131.0],[77.0],[],[],[]
0.05,1,1,"[73.0, 159.0]",[112.0],"[73.0, 159.0]",[94.0],[95.0],[94.0],[],[],[]
0.05,1,2,"[73.0, 159.0]",[112.0],"[51.0, 149.0]",[94.0],[95.0],[82.0],[],[],[]
0.05,1,3,"[73.0, 159.0]",[112.0],"[48.0, 146.0]",[94.0],[95.0],"[71.0, 176.0]",[],[],[]
0.05,1,4,"[73.0, 159.0]",[112.0],"[45.0, 144.0]",[94.0],[95.0],"[65.0, 165.0]",[],[],[]
0.05,1,5,"[73.0, 159.0]",[112.0],"[44.0, 143.0]",[94.0],[95.0],"[63.0, 163.0]",[],[],[]
0.05,1,6,"[73.0, 159.0]",[112.0],"[44.0, 142.0]",[94.0],[95.0],"[50.0, 112.0]",[],[],[]
0.05,1,7,"[73.0, 159.0]",[112.0],"[45.0, 142.0]",[94.0],[95.0],"[48.0, 111.0]",[],[],[]
0.05,1,8,"[73.0, 159.0]",[112.0],"[45.0, 142.0]",[94.0],[95.0],"[48.0, 111.0]",[],[],[]
0.05,1,9,"[73.0, 159.0]",[112.0],"[45.0, 142.0]",[94.0],[95.0],"[49.0, 111.0]",[],[],[]
0.05,1,10,"[73.0, 159.0]",[112.0],"[46.0, 142.0]",[94.0],[95.0],"[49.0, 112.0]",[],[],[]
0.05,1,11,"[73.0, 159.0]",[112.0],"[46.0, 143.0]",[94.0],[95.0],"[49.0, 112.0]",[],[],[]
0.05,1,12,"[73.0, 159.0]",[112.0],"[47.0, 143.0]",[94.0],[95.0],"[50.0, 113.0]",[],[],[]
0.05,1,13,"[73.0, 159.0]",[112.0],"[48.0, 143.0]",[94.0],[95.0],"[50.0, 114.0]",[],[],[]
0.05,1,14,"[73.0, 159.0]",[112.0],"[48.0, 144.0]",[94.0],[95.0],"[50.0, 114.0]",[],[],[]
0.05,2,1,"[74.0, 159.0]",[112.0],"[74.0, 159.0]",[94.0],[96.0],[94.0],[],[],[]
0.05,2,2,"[74.0, 159.0]",[112.0],"[51.0, 149.0]",[94.0],[96.0],[83.0],[],[],[]
0.05,2,3,"[74.0, 159.0]",[112.0],"[49.0, 147.0]",[94.0],[96.0],"[73.0, 172.0]",[],[],[]
0.05,2,4,"[74.0, 159.0]",[112.0],"[46.0, 145.0]",[94.0],[96.0],"[65.0, 166.0]",[],[],[]
0.05,2,5,"[74.0, 159.0]",[112.0],"[45.0, 144.0]",[94.0],[96.0],"[64.0, 164.0]",[],[],[]
0.05,2,6,"[74.0, 159.0]",[112.0],"[45.0, 143.0]",[94.0],[96.0],"[51.0, 115.0]",[],[],[]
0.05,2,7,"[74.0, 159.0]",[112.0],"[46.0, 143.0]",[94.0],[96.0],"[49.0, 112.0]",[],[],[]
0.05,2,8,"[74.0, 159.0]",[112.0],"[46.0, 143.0]",[94.0],[96.0],"[49.0, 112.0]",[],[],[]
0.05,2,9,"[74.0, 159.0]",[112.0],"[46.0, 143.0]",[94.0],[96.0],"[49.0, 112.0]",[],[],[]
0.05,2,10,"[74.0, 159.0]",[112.0],"[46.0, 143.0]",[94.0],[96.0],"[49.0, 113.0]",[],[],[]
0.05,2,11,"[74.0, 159.0]",[112.0],"[47.0, 143.0]",[94.0],[96.0],"[50.0, 114.0]",[],[],[]
0.05,2,12,"[74.0, 159.0]",[112.0],"[48.0, 143.0]",[94.0],[96.0],"[50.0, 114.0]",[],[],[]
0.05,2,13,"[74.0, 159.0]",[112.0],"[48.0, 144.0]",[94.0],[96.0],"[50.0, 115.0]",[],[],[]
0.05,2,14,"[74.0, 159.0]",[112.0],"[49.0, 144.0]",[94.0],[96.0],"[50.0, 115.0]",[],[],[]
0.05,5,1,"[76.0, 171.0]",[123.0],"[76.0, 171.0]",[95.0],[97.0],[95.0],[],[],[]
0.05,5,2,"[76.0, 171.0]",[123.0],"[53.0, 150.0]",[95.0],[97.0],[85.0],[],[],[]
0.05,5,3,"[76.0, 171.0]",[123.0],"[52.0, 149.0]",[95.0],[97.0],"[76.0, 184.0]",[],[],[]
0.05,5,4,"[76.0, 171.0]",[123.0],"[51.0, 149.0]",[95.0],[97.0],"[66.0, 167.0]",[],[],[]
0.05,5,5,"[76.0, 171.0]",[123.0],"[50.0, 147.0]",[95.0],[97.0],"[64.0, 167.0]",[],[],[]
0.05,5,6,"[76.0, 171.0]",[123.0],"[49.0, 147.0]",[95.0],[97.0],"[63.0, 166.0]",[],[],[]
0.05,5,7,"[76.0, 171.0]",[123.0],"[49.0, 146.0]",[95.0],[97.0],"[51.0, 126.0]",[],[],[]
0.05,5,8,"[76.0, 171.0]",[123.0],"[50.0, 146.0]",[95.0],[97.0],"[51.0, 126.0]",[],[],[]
0.05,5,9,"[76.0, 171.0]",[123.0],"[50.0, 146.0]",[95.0],[97.0],"[51.0, 125.0]",[],[],[]
0.05,5,10,"[76.0, 171.0]",[123.0],"[50.0, 146.0]",[95.0],[97.0],"[51.0, 124.0]",[],[],[]
0.05,5,11,"[76.0, 171.0]",[123.0],"[50.0, 146.0]",[95.0],[97.0],"[51.0, 123.0]",[],[],[]
0.05,5,12,"[76.0, 171.0]",[123.0],"[51.0, 147.0]",[95.0],[97.0],"[51.0, 123.0]",[],[],[]
0.05,5,13,"[76.0, 171.0]",[123.0],"[51.0, 146.0]",[95.0],[97.0],"[52.0, 122.0]",[],[],[]
0.05,5,14,"[76.0, 171.0]",[123.0],"[52.0, 147.0]",[95.0],[97.0],"[51.0, 122.0]",[],[],[]
0.05,10,1,"[78.0, 173.0]",[124.0],"[78.0, 173.0]",[96.0],[108.0],[96.0],[],[],[]
0.05,10,2,"[78.0, 173.0]",[124.0],"[60.0, 158.0]",[96.0],[108.0],[86.0],[],[],[]
0.05,10,3,"[78.0, 173.0]",[124.0],"[55.0, 154.0]",[96.0],[108.0],[78.0],[],[],[]
0.05,10,4,"[78.0, 173.0]",[124.0],"[54.0, 151.0]",[96.0],[108.0],"[70.0, 182.0]",[],[],[]
0.05,10,5,"[78.0, 173.0]",[124.0],"[54.0, 150.0]",[96.0],[108.0],"[66.0, 170.0]",[],[],[]
0.05,10,6,"[78.0, 173.0]",[124.0],"[54.0, 150.0]",[96.0],[108.0],"[64.0, 172.0]",[],[],[]
0.05,10,7,"[78.0, 173.0]",[124.0],"[54.0, 150.0]",[96.0],[108.0],"[63.0, 171.0]",[],[],[]
0.05,10,8,"[78.0, 173.0]",[124.0],"[54.0, 150.0]",[96.0],[108.0],"[63.0, 170.0]",[],[],[]
0.05,10,9,"[78.0, 173.0]",[124.0],"[54.0, 150.0]",[96.0],[108.0],"[62.0, 168.0]",[],[],[]
0.05,10,10,"[78.0, 173.0]",[124.0],"[55.0, 150.0]",[96.0],[108.0],"[56.0, 145.0]",[],[],[]
0.05,10,11,"[78.0, 173.0]",[124.0],"[55.0, 150.0]",[96.0],[108.0],"[55.0, 142.0]",[],[],[]
0.05,10,12,"[78.0, 173.0]",[124.0],"[55.0, 150.0]",[96.0],[108.0],"[55.0, 141.0]",[],[],[]
0.05,10,13,"[78.0, 173.0]",[124.0],"[56.0, 151.0]",[96.0],[108.0],"[55.0, 141.0]",[],[],[]
0.05,10,14,"[78.0, 173.0]",[124.0],"[56.0, 151.0]",[96.0],[108.0],"[55.0, 141.0]",[],[],[]
0.05,15,1,[98.0],[125.0],[98.0],[98.0],[112.0],[98.0],[],[],[]
0.05,15,2,[98.0],[125.0],"[72.0, 168.0]",[98.0],[112.0],[87.0],[],[],[]
0.05,15,3,[98.0],[125.0],"[65.0, 159.0]",[98.0],[112.0],[82.0],[],[],[]
0.05,15,4,[98.0],[125.0],"[61.0, 159.0]",[98.0],[112.0],[75.0],[],[],[]
0.05,15,5,[98.0],[125.0],"[60.0, 158.0]",[98.0],[112.0],"[69.0, 180.0]",[],[],[]
0.05,15,6,[98.0],[125.0],"[58.0, 156.0]",[98.0],[112.0],"[66.0, 175.0]",[],[],[]
0.05,15,7,[98.0],[125.0],"[59.0, 157.0]",[98.0],[112.0],"[65.0, 176.0]",[],[],[]
0.05,15,8,[98.0],[125.0],"[59.0, 157.0]",[98.0],[112.0],"[65.0, 176.0]",[],[],[]
0.05,15,9,[98.0],[125.0],"[59.0, 156.0]",[98.0],[112.0],"[65.0, 176.0]",[],[],[]
0.05,15,10,[98.0],[125.0],"[59.0, 156.0]",[98.0],[112.0],"[64.0, 176.0]",[],[],[]
0.05,15,11,[98.0],[125.0],"[60.0, 157.0]",[98.0],[112.0],"[64.0, 175.0]",[],[],[]
0.05,15,12,[98.0],[125.0],"[60.0, 157.0]",[98.0],[112.0],"[63.0, 175.0]",[],[],[]
0.05,15,13,[98.0],[125.0],"[60.0, 157.0]",[98.0],[112.0],"[63.0, 175.0]",[],[],[]
0.05,15,14,[98.0],[125.0],"[61.0, 158.0]",[98.0],[112.0],"[63.0, 170.0]",[],[],[]
0.05,20,1,[101.0],[127.0],[101.0],[100.0],[122.0],[100.0],[],[],[]
0.05,20,2,[101.0],[127.0],"[76.0, 178.0]",[100.0],[122.0],[88.0],[],[],[]
0.05,20,3,[101.0],[127.0],"[73.0, 173.0]",[100.0],[122.0],[85.0],[],[],[]
0.05,20,4,[101.0],[127.0],"[72.0, 171.0]",[100.0],[122.0],[78.0],[],[],[]
0.05,20,5,[101.0],[127.0],"[67.0, 165.0]",[100.0],[122.0],[73.0],[],[],[]
0.05,20,6,[101.0],[127.0],"[66.0, 164.0]",[100.0],[122.0],"[68.0, 184.0]",[],[],[]
0.05,20,7,[101.0],[127.0],"[65.0, 164.0]",[100.0],[122.0],"[67.0, 183.0]",[],[],[]
0.05,20,8,[101.0],[127.0],"[66.0, 165.0]",[100.0],[122.0],"[67.0, 182.0]",[],[],[]
0.05,20,9,[101.0],[127.0],"[66.0, 165.0]",[100.0],[122.0],"[67.0, 182.0]",[],[],[]
0.05,20,10,[101.0],[127.0],"[65.0, 165.0]",[100.0],[122.0],"[67.0, 182.0]",[],[],[]
0.05,20,11,[101.0],[127.0],"[66.0, 166.0]",[100.0],[122.0],"[67.0, 182.0]",[],[],[]
0.05,20,12,[101.0],[127.0],"[66.0, 166.0]",[100.0],[122.0],"[67.0, 182.0]",[],[],[]
0.05,20,13,[101.0],[127.0],"[66.0, 167.0]",[100.0],[122.0],"[67.0, 181.0]",[],[],[]
0.05,20,14,[101.0],[127.0],"[66.0, 167.0]",[100.0],[122.0],"[67.0, 181.0]",[],[],[]
0.05,50,1,[123.0],[150.0],[123.0],[111.0],[140.0],[111.0],[],[],[]
0.05,50,2,[123.0],[150.0],[109.0],[111.0],[140.0],[102.0],[],[],[]
0.05,50,3,[123.0],[150.0],[106.0],[111.0],[140.0],[97.0],[],[],[]
0.05,50,4,[123.0],[150.0],[104.0],[111.0],[140.0],[94.0],[],[],[]
0.05,50,5,[123.0],[150.0],[102.0],[111.0],[140.0],[91.0],[],[],[]
0.05,50,6,[123.0],[150.0],[101.0],[111.0],[140.0],[90.0],[],[],[]
0.05,50,7,[123.0],[150.0],[101.0],[111.0],[140.0],[89.0],[],[],[]
0.05,50,8,[123.0],[150.0],[101.0],[111.0],[140.0],[89.0],[],[],[]
0.05,50,9,[123.0],[150.0],[101.0],[111.0],[140.0],[88.0],[],[],[]
0.05,50,10,[123.0],[150.0],[100.0],[111.0],[140.0],[88.0],[],[],[]
0.05,50,11,[123.0],[150.0],[100.0],[111.0],[140.0],[88.0],[],[],[]
0.05,50,12,[123.0],[150.0],[100.0],[111.0],[140.0],[88.0],[],[],[]
0.05,50,13,[123.0],[150.0],[100.0],[111.0],[140.0],[88.0],[],[],[]
0.05,50,14,[123.0],[150.0],[101.0],[111.0],[140.0],[88.0],[],[],[]
0.02,1,1,"[78.0, 172.0]",[125.0],"[78.0, 172.0]",[100.0],[112.0],[100.0],[],[],[]
0.02,1,2,"[78.0, 172.0]",[125.0],"[53.0, 152.0]",[100.0],[112.0],[87.0],[],[],[]
0.02,1,3,"[78.0, 172.0]",[125.0],"[52.0, 150.0]",[100.0],[112.0],[82.0],[],[],[]
0.02,1,4,"[78.0, 172.0]",[125.0],"[51.0, 150.0]",[100.0],[112.0],"[75.0, 181.0]",[],[],[]
0.02,1,5,"[78.0, 172.0]",[125.0],"[50.0, 149.0]",[100.0],[112.0],"[68.0, 170.0]",[],[],[]
0.02,1,6,"[78.0, 172.0]",[125.0],"[48.0, 148.0]",[100.0],[112.0],"[65.0, 169.0]",[],[],[]
0.02,1,7,"[78.0, 172.0]",[125.0],"[48.0, 148.0]",[100.0],[112.0],"[64.0, 169.0]",[],[],[]
0.02,1,8,"[78.0, 172.0]",[125.0],"[48.0, 148.0]",[100.0],[112.0],"[64.0, 168.0]",[],[],[]
0.02,1,9,"[78.0, 172.0]",[125.0],"[48.0, 148.0]",[100.0],[112.0],"[64.0, 167.0]",[],[],[]
0.02,1,10,"[78.0, 172.0]",[125.0],"[48.0, 148.0]",[100.0],[112.0],"[63.0, 163.0]",[],[],[]
0.02,1,11,"[78.0, 172.0]",[125.0],"[49.0, 148.0]",[100.0],[112.0],"[62.0, 155.0]",[],[],[]
0.02,1,12,"[78.0, 172.0]",[125.0],"[49.0, 148.0]",[100.0],[112.0],"[57.0, 139.0]",[],[],[]
0.02,1,13,"[78.0, 172.0]",[125.0],"[50.0, 148.0]",[100.0],[112.0],"[56.0, 135.0]",[],[],[]
0.02,1,14,"[78.0, 172.0]",[125.0],"[51.0, 149.0]",[100.0],[112.0],"[55.0, 132.0]",[],[],[]
0.02,2,1,[97.0],[126.0],[97.0],[100.0],[122.0],[100.0],[],[],[]
0.02,2,2,[97.0],[126.0],"[53.0, 155.0]",[100.0],[122.0],[87.0],[],[],[]
0.02,2,3,[97.0],[126.0],"[52.0, 150.0]",[100.0],[122.0],[82.0],[],[],[]
0.02,2,4,[97.0],[126.0],"[51.0, 150.0]",[100.0],[122.0],"[76.0, 184.0]",[],[],[]
0.02,2,5,[97.0],[126.0],"[50.0, 149.0]",[100.0],[122.0],"[69.0, 171.0]",[],[],[]
0.02,2,6,[97.0],[126.0],"[50.0, 150.0]",[100.0],[122.0],"[66.0, 169.0]",[],[],[]
0.02,2,7,[97.0],[126.0],"[50.0, 149.0]",[100.0],[122.0],"[65.0, 170.0]",[],[],[]
0.02,2,8,[97.0],[126.0],"[50.0, 149.0]",[100.0],[122.0],"[65.0, 170.0]",[],[],[]
0.02,2,9,[97.0],[126.0],"[50.0, 149.0]",[100.0],[122.0],"[64.0, 168.0]",[],[],[]
0.02,2,10,[97.0],[126.0],"[50.0, 149.0]",[100.0],[122.0],"[64.0, 166.0]",[],[],[]
0.02,2,11,[97.0],[126.0],"[50.0, 149.0]",[100.0],[122.0],"[63.0, 162.0]",[],[],[]
0.02,2,12,[97.0],[126.0],"[51.0, 149.0]",[100.0],[122.0],"[62.0, 154.0]",[],[],[]
0.02,2,13,[97.0],[126.0],"[51.0, 149.0]",[100.0],[122.0],"[57.0, 139.0]",[],[],[]
0.02,2,14,[97.0],[126.0],"[52.0, 150.0]",[100.0],[122.0],"[56.0, 137.0]",[],[],[]
0.02,5,1,[100.0],[127.0],[100.0],[101.0],[127.0],[101.0],[],[],[]
0.02,5,2,[100.0],[127.0],"[60.0, 157.0]",[101.0],[127.0],[88.0],[],[],[]
0.02,5,3,[100.0],[127.0],"[54.0, 153.0]",[101.0],[127.0],[84.0],[],[],[]
0.02,5,4,[100.0],[127.0],"[53.0, 151.0]",[101.0],[127.0],[78.0],[],[],[]
0.02,5,5,[100.0],[127.0],"[53.0, 152.0]",[101.0],[127.0],"[71.0, 184.0]",[],[],[]
0.02,5,6,[100.0],[127.0],"[52.0, 152.0]",[101.0],[127.0],"[67.0, 171.0]",[],[],[]
0.02,5,7,[100.0],[127.0],"[53.0, 152.0]",[101.0],[127.0],"[66.0, 171.0]",[],[],[]
0.02,5,8,[100.0],[127.0],"[53.0, 152.0]",[101.0],[127.0],"[66.0, 172.0]",[],[],[]
0.02,5,9,[100.0],[127.0],"[53.0, 152.0]",[101.0],[127.0],"[66.0, 172.0]",[],[],[]
0.02,5,10,[100.0],[127.0],"[53.0, 152.0]",[101.0],[127.0],"[65.0, 172.0]",[],[],[]
0.02,5,11,[100.0],[127.0],"[53.0, 152.0]",[101.0],[127.0],"[65.0, 170.0]",[],[],[]
0.02,5,12,[100.0],[127.0],"[53.0, 153.0]",[101.0],[127.0],"[64.0, 168.0]",[],[],[]
0.02,5,13,[100.0],[127.0],"[54.0, 153.0]",[101.0],[127.0],"[64.0, 166.0]",[],[],[]
0.02,5,14,[100.0],[127.0],"[54.0, 153.0]",[101.0],[127.0],"[62.0, 158.0]",[],[],[]
0.02,10,1,[101.0],[134.0],[101.0],[102.0],[131.0],[102.0],[],[],[]
0.02,10,2,[101.0],[134.0],"[73.0, 172.0]",[102.0],[131.0],[89.0],[],[],[]
0.02,10,3,[101.0],[134.0],"[61.0, 160.0]",[102.0],[131.0],[86.0],[],[],[]
0.02,10,4,[101.0],[134.0],"[59.0, 158.0]",[102.0],[131.0],[80.0],[],[],[]
0.02,10,5,[101.0],[134.0],"[57.0, 156.0]",[102.0],[131.0],[75.0],[],[],[]
0.02,10,6,[101.0],[134.0],"[56.0, 156.0]",[102.0],[131.0],"[69.0, 180.0]",[],[],[]
0.02,10,7,[101.0],[134.0],"[57.0, 156.0]",[102.0],[131.0],"[68.0, 177.0]",[],[],[]
0.02,10,8,[101.0],[134.0],"[57.0, 156.0]",[102.0],[131.0],"[68.0, 177.0]",[],[],[]
0.02,10,9,[101.0],[134.0],"[57.0, 157.0]",[102.0],[131.0],"[68.0, 177.0]",[],[],[]
0.02,10,10,[101.0],[134.0],"[58.0, 157.0]",[102.0],[131.0],"[68.0, 177.0]",[],[],[]
0.02,10,11,[101.0],[134.0],"[58.0, 157.0]",[102.0],[131.0],"[68.0, 177.0]",[],[],[]
0.02,10,12,[101.0],[134.0],"[58.0, 157.0]",[102.0],[131.0],"[67.0, 177.0]",[],[],[]
0.02,10,13,[101.0],[134.0],"[59.0, 158.0]",[102.0],[131.0],"[67.0, 177.0]",[],[],[]
0.02,10,14,[101.0],[134.0],"[59.0, 158.0]",[102.0],[131.0],"[66.0, 176.0]",[],[],[]
0.02,15,1,[106.0],[137.0],[106.0],[105.0],[134.0],[105.0],[],[],[]
0.02,15,2,[106.0],[137.0],"[77.0, 179.0]",[105.0],[134.0],[93.0],[],[],[]
0.02,15,3,[106.0],[137.0],"[73.0, 174.0]",[105.0],[134.0],[87.0],[],[],[]
0.02,15,4,[106.0],[137.0],"[72.0, 171.0]",[105.0],[134.0],[84.0],[],[],[]
0.02,15,5,[106.0],[137.0],"[66.0, 164.0]",[105.0],[134.0],[79.0],[],[],[]
0.02,15,6,[106.0],[137.0],"[64.0, 164.0]",[105.0],[134.0],[74.0],[],[],[]
0.02,15,7,[106.0],[137.0],"[64.0, 164.0]",[105.0],[134.0],[71.0],[],[],[]
0.02,15,8,[106.0],[137.0],"[64.0, 164.0]",[105.0],[134.0],[70.0],[],[],[]
0.02,15,9,[106.0],[137.0],"[64.0, 164.0]",[105.0],[134.0],[70.0],[],[],[]
0.02,15,10,[106.0],[137.0],"[64.0, 164.0]",[105.0],[134.0],[70.0],[],[],[]
0.02,15,11,[106.0],[137.0],"[64.0, 164.0]",[105.0],[134.0],[70.0],[],[],[]
0.02,15,12,[106.0],[137.0],"[64.0, 164.0]",[105.0],[134.0],[70.0],[],[],[]
0.02,15,13,[106.0],[137.0],"[64.0, 165.0]",[105.0],[134.0],[70.0],[],[],[]
0.02,15,14,[106.0],[137.0],"[65.0, 165.0]",[105.0],[134.0],[71.0],[],[],[]
0.02,20,1,[107.0],[140.0],[107.0],[106.0],[136.0],[106.0],[],[],[]
0.02,20,2,[107.0],[140.0],[87.0],[106.0],[136.0],[94.0],[],[],[]
0.02,20,3,[107.0],[140.0],"[77.0, 182.0]",[106.0],[136.0],[88.0],[],[],[]
0.02,20,4,[107.0],[140.0],"[75.0, 180.0]",[106.0],[136.0],[86.0],[],[],[]
0.02,20,5,[107.0],[140.0],"[74.0, 178.0]",[106.0],[136.0],[82.0],[],[],[]
0.02,20,6,[107.0],[140.0],"[73.0, 177.0]",[106.0],[136.0],[78.0],[],[],[]
0.02,20,7,[107.0],[140.0],"[72.0, 176.0]",[106.0],[136.0],[75.0],[],[],[]
0.02,20,8,[107.0],[140.0],"[72.0, 175.0]",[106.0],[136.0],[74.0],[],[],[]
0.02,20,9,[107.0],[140.0],"[72.0, 175.0]",[106.0],[136.0],[74.0],[],[],[]
0.02,20,10,[107.0],[140.0],"[72.0, 174.0]",[106.0],[136.0],[73.0],[],[],[]
0.02,20,11,[107.0],[140.0],"[72.0, 174.0]",[106.0],[136.0],[73.0],[],[],[]
0.02,20,12,[107.0],[140.0],"[72.0, 174.0]",[106.0],[136.0],[73.0],[],[],[]
0.02,20,13,[107.0],[140.0],"[72.0, 175.0]",[106.0],[136.0],[73.0],[],[],[]
0.02,20,14,[107.0],[140.0],"[72.0, 175.0]",[106.0],[136.0],[73.0],[],[],[]
0.02,50,1,[130.0],[159.0],[130.0],[121.0],[163.0],[121.0],[],[],[]
0.02,50,2,[130.0],[159.0],[115.0],[121.0],[163.0],[107.0],[],[],[]
0.02,50,3,[130.0],[159.0],[110.0],[121.0],[163.0],[103.0],[],[],[]
0.02,50,4,[130.0],[159.0],[108.0],[121.0],[163.0],[99.0],[],[],[]
0.02,50,5,[130.0],[159.0],[107.0],[121.0],[163.0],[97.0],[],[],[]
0.02,50,6,[130.0],[159.0],[106.0],[121.0],[163.0],[95.0],[],[],[]
0.02,50,7,[130.0],[159.0],[105.0],[121.0],[163.0],[94.0],[],[],[]
0.02,50,8,[130.0],[159.0],[105.0],[121.0],[163.0],[94.0],[],[],[]
0.02,50,9,[130.0],[159.0],[105.0],[121.0],[163.0],[93.0],[],[],[]
0.02,50,10,[130.0],[159.0],[105.0],[121.0],[163.0],[94.0],[],[],[]
0.02,50,11,[130.0],[159.0],[105.0],[121.0],[163.0],[93.0],[],[],[]
0.02,50,12,[130.0],[159.0],[105.0],[121.0],[163.0],[93.0],[],[],[]
0.02,50,13,[130.0],[159.0],[105.0],[121.0],[163.0],[93.0],[],[],[]
0.02,50,14,[130.0],[159.0],[105.0],[121.0],[163.0],[94.0],[],[],[]
0.01,1,1,[101.0],[135.0],[101.0],[104.0],[134.0],[104.0],[],[],[]
0.01,1,2,[101.0],[135.0],"[60.0, 157.0]",[104.0],[134.0],[89.0],[],[],[]
0.01,1,3,[101.0],[135.0],"[53.0, 151.0]",[104.0],[134.0],[86.0],[],[],[]
0.01,1,4,[101.0],[135.0],"[53.0, 151.0]",[104.0],[134.0],[81.0],[],[],[]
0.01,1,5,[101.0],[135.0],"[52.0, 152.0]",[104.0],[134.0],[76.0],[],[],[]
0.01,1,6,[101.0],[135.0],"[51.0, 151.0]",[104.0],[134.0],"[69.0, 174.0]",[],[],[]
0.01,1,7,[101.0],[135.0],"[51.0, 152.0]",[104.0],[134.0],"[68.0, 172.0]",[],[],[]
0.01,1,8,[101.0],[135.0],"[51.0, 152.0]",[104.0],[134.0],"[67.0, 172.0]",[],[],[]
0.01,1,9,[101.0],[135.0],"[51.0, 152.0]",[104.0],[134.0],"[68.0, 173.0]",[],[],[]
0.01,1,10,[101.0],[135.0],"[51.0, 152.0]",[104.0],[134.0],"[68.0, 173.0]",[],[],[]
0.01,1,11,[101.0],[135.0],"[51.0, 152.0]",[104.0],[134.0],"[67.0, 173.0]",[],[],[]
0.01,1,12,[101.0],[135.0],"[52.0, 153.0]",[104.0],[134.0],"[67.0, 173.0]",[],[],[]
0.01,1,13,[101.0],[135.0],"[52.0, 153.0]",[104.0],[134.0],"[66.0, 171.0]",[],[],[]
0.01,1,14,[101.0],[135.0],"[53.0, 154.0]",[104.0],[134.0],"[65.0, 168.0]",[],[],[]
0.01,2,1,[102.0],[135.0],[102.0],[105.0],[134.0],[105.0],[],[],[]
0.01,2,2,[102.0],[135.0],"[60.0, 157.0]",[105.0],[134.0],[92.0],[],[],[]
0.01,2,3,[102.0],[135.0],"[54.0, 153.0]",[105.0],[134.0],[87.0],[],[],[]
0.01,2,4,[102.0],[135.0],"[53.0, 152.0]",[105.0],[134.0],[82.0],[],[],[]
0.01,2,5,[102.0],[135.0],"[53.0, 152.0]",[105.0],[134.0],[77.0],[],[],[]
0.01,2,6,[102.0],[135.0],"[52.0, 152.0]",[105.0],[134.0],"[70.0, 178.0]",[],[],[]
0.01,2,7,[102.0],[135.0],"[52.0, 152.0]",[105.0],[134.0],"[68.0, 174.0]",[],[],[]
0.01,2,8,[102.0],[135.0],"[52.0, 153.0]",[105.0],[134.0],"[68.0, 174.0]",[],[],[]
0.01,2,9,[102.0],[135.0],"[52.0, 153.0]",[105.0],[134.0],"[68.0, 174.0]",[],[],[]
0.01,2,10,[102.0],[135.0],"[52.0, 153.0]",[105.0],[134.0],"[68.0, 174.0]",[],[],[]
0.01,2,11,[102.0],[135.0],"[52.0, 153.0]",[105.0],[134.0],"[68.0, 174.0]",[],[],[]
0.01,2,12,[102.0],[135.0],"[53.0, 154.0]",[105.0],[134.0],"[68.0, 175.0]",[],[],[]
0.01,2,13,[102.0],[135.0],"[53.0, 154.0]",[105.0],[134.0],"[67.0, 174.0]",[],[],[]
0.01,2,14,[102.0],[135.0],"[54.0, 155.0]",[105.0],[134.0],"[66.0, 172.0]",[],[],[]
0.01,5,1,[105.0],[137.0],[105.0],[105.0],[136.0],[105.0],[],[],[]
0.01,5,2,[105.0],[137.0],"[73.0, 171.0]",[105.0],[136.0],[93.0],[],[],[]
0.01,5,3,[105.0],[137.0],"[60.0, 158.0]",[105.0],[136.0],[87.0],[],[],[]
0.01,5,4,[105.0],[137.0],"[56.0, 156.0]",[105.0],[136.0],[84.0],[],[],[]
0.01,5,5,[105.0],[137.0],"[54.0, 156.0]",[105.0],[136.0],[78.0],[],[],[]
0.01,5,6,[105.0],[137.0],"[54.0, 155.0]",[105.0],[136.0],[73.0],[],[],[]
0.01,5,7,[105.0],[137.0],"[55.0, 155.0]",[105.0],[136.0],"[69.0, 179.0]",[],[],[]
0.01,5,8,[105.0],[137.0],"[55.0, 155.0]",[105.0],[136.0],"[69.0, 177.0]",[],[],[]
0.01,5,9,[105.0],[137.0],"[55.0, 155.0]",[105.0],[136.0],"[69.0, 177.0]",[],[],[]
0.01,5,10,[105.0],[137.0],"[55.0, 156.0]",[105.0],[136.0],"[69.0, 177.0]",[],[],[]
0.01,5,11,[105.0],[137.0],"[55.0, 156.0]",[105.0],[136.0],"[69.0, 177.0]",[],[],[]
0.01,5,12,[105.0],[137.0],"[56.0, 157.0]",[105.0],[136.0],"[69.0, 177.0]",[],[],[]
0.01,5,13,[105.0],[137.0],"[56.0, 157.0]",[105.0],[136.0],"[69.0, 178.0]",[],[],[]
0.01,5,14,[105.0],[137.0],"[57.0, 157.0]",[105.0],[136.0],"[68.0, 177.0]",[],[],[]
0.01,10,1,[107.0],[140.0],[107.0],[106.0],[137.0],[106.0],[],[],[]
0.01,10,2,[107.0],[140.0],"[77.0, 178.0]",[106.0],[137.0],[94.0],[],[],[]
0.01,10,3,[107.0],[140.0],"[73.0, 173.0]",[106.0],[137.0],[88.0],[],[],[]
0.01,10,4,[107.0],[140.0],"[67.0, 164.0]",[106.0],[137.0],[86.0],[],[],[]
0.01,10,5,[107.0],[140.0],"[61.0, 161.0]",[106.0],[137.0],[82.0],[],[],[]
0.01,10,6,[107.0],[140.0],"[60.0, 160.0]",[106.0],[137.0],[77.0],[],[],[]
0.01,10,7,[107.0],[140.0],"[60.0, 160.0]",[106.0],[137.0],[74.0],[],[],[]
0.01,10,8,[107.0],[140.0],"[60.0, 160.0]",[106.0],[137.0],[73.0],[],[],[]
0.01,10,9,[107.0],[140.0],"[60.0, 161.0]",[106.0],[137.0],[72.0],[],[],[]
0.01,10,10,[107.0],[140.0],"[60.0, 161.0]",[106.0],[137.0],[72.0],[],[],[]
0.01,10,11,[107.0],[140.0],"[60.0, 162.0]",[106.0],[137.0],[71.0],[],[],[]
0.01,10,12,[107.0],[140.0],"[61.0, 162.0]",[106.0],[137.0],[71.0],[],[],[]
0.01,10,13,[107.0],[140.0],"[61.0, 162.0]",[106.0],[137.0],[72.0],[],[],[]
0.01,10,14,[107.0],[140.0],"[63.0, 163.0]",[106.0],[137.0],[72.0],[],[],[]
0.01,15,1,[109.0],[143.0],[109.0],[107.0],[139.0],[107.0],[],[],[]
0.01,15,2,[109.0],[143.0],[91.0],[107.0],[139.0],[96.0],[],[],[]
0.01,15,3,[109.0],[143.0],"[76.0, 181.0]",[107.0],[139.0],[90.0],[],[],[]
0.01,15,4,[109.0],[143.0],"[74.0, 178.0]",[107.0],[139.0],[87.0],[],[],[]
0.01,15,5,[109.0],[143.0],"[73.0, 176.0]",[107.0],[139.0],[85.0],[],[],[]
0.01,15,6,[109.0],[143.0],"[70.0, 173.0]",[107.0],[139.0],[80.0],[],[],[]
0.01,15,7,[109.0],[143.0],"[70.0, 172.0]",[107.0],[139.0],[78.0],[],[],[]
0.01,15,8,[109.0],[143.0],"[69.0, 171.0]",[107.0],[139.0],[77.0],[],[],[]
0.01,15,9,[109.0],[143.0],"[69.0, 171.0]",[107.0],[139.0],[76.0],[],[],[]
0.01,15,10,[109.0],[143.0],"[68.0, 171.0]",[107.0],[139.0],[76.0],[],[],[]
0.01,15,11,[109.0],[143.0],"[69.0, 171.0]",[107.0],[139.0],[75.0],[],[],[]
0.01,15,12,[109.0],[143.0],"[69.0, 172.0]",[107.0],[139.0],[74.0],[],[],[]
0.01,15,13,[109.0],[143.0],"[69.0, 172.0]",[107.0],[139.0],[75.0],[],[],[]
0.01,15,14,[109.0],[143.0],"[69.0, 172.0]",[107.0],[139.0],[75.0],[],[],[]
0.01,20,1,[110.0],[146.0],[110.0],[109.0],[140.0],[109.0],[],[],[]
0.01,20,2,[110.0],[146.0],[97.0],[109.0],[140.0],[98.0],[],[],[]
0.01,20,3,[110.0],[146.0],[80.0],[109.0],[140.0],[93.0],[],[],[]
0.01,20,4,[110.0],[146.0],[78.0],[109.0],[140.0],[89.0],[],[],[]
0.01,20,5,[110.0],[146.0],"[76.0, 184.0]",[109.0],[140.0],[87.0],[],[],[]
0.01,20,6,[110.0],[146.0],"[76.0, 183.0]",[109.0],[140.0],[84.0],[],[],[]
0.01,20,7,[110.0],[146.0],"[76.0, 183.0]",[109.0],[140.0],[82.0],[],[],[]
0.01,20,8,[110.0],[146.0],"[76.0, 182.0]",[109.0],[140.0],[81.0],[],[],[]
0.01,20,9,[110.0],[146.0],"[76.0, 183.0]",[109.0],[140.0],[80.0],[],[],[]
0.01,20,10,[110.0],[146.0],"[75.0, 182.0]",[109.0],[140.0],[80.0],[],[],[]
0.01,20,11,[110.0],[146.0],"[75.0, 182.0]",[109.0],[140.0],[79.0],[],[],[]
0.01,20,12,[110.0],[146.0],"[75.0, 181.0]",[109.0],[140.0],[78.0],[],[],[]
0.01,20,13,[110.0],[146.0],"[76.0, 182.0]",[109.0],[140.0],[79.0],[],[],[]
0.01,20,14,[110.0],[146.0],"[76.0, 182.0]",[109.0],[140.0],[79.0],[],[],[]
0.01,50,1,[134.0],[165.0],[134.0],[130.0],[168.0],[130.0],[],[],[]
0.01,50,2,[134.0],[165.0],[121.0],[130.0],[168.0],[110.0],[],[],[]
0.01,50,3,[134.0],[165.0],[114.0],[130.0],[168.0],[107.0],[],[],[]
0.01,50,4,[134.0],[165.0],[111.0],[130.0],[168.0],[104.0],[],[],[]
0.01,50,5,[134.0],[165.0],[110.0],[130.0],[168.0],[101.0],[],[],[]
0.01,50,6,[134.0],[165.0],[109.0],[130.0],[168.0],[99.0],[],[],[]
0.01,50,7,[134.0],[165.0],[108.0],[130.0],[168.0],[98.0],[],[],[]
0.01,50,8,[134.0],[165.0],[108.0],[130.0],[168.0],[98.0],[],[],[]
0.01,50,9,[134.0],[165.0],[108.0],[130.0],[168.0],[97.0],[],[],[]
0.01,50,10,[134.0],[165.0],[108.0],[130.0],[168.0],[97.0],[],[],[]
0.01,50,11,[134.0],[165.0],[108.0],[130.0],[168.0],[97.0],[],[],[]
0.01,50,12,[134.0],[165.0],[108.0],[130.0],[168.0],[97.0],[],[],[]
0.01,50,13,[134.0],[165.0],[108.0],[130.0],[168.0],[97.0],[],[],[]
0.01,50,14,[134.0],[165.0],[108.0],[130.0],[168.0],[98.0],[],[],[]
0.005,1,1,[107.0],[140.0],[107.0],[106.0],[139.0],[106.0],[],[],[]
0.005,1,2,[107.0],[140.0],"[73.0, 172.0]",[106.0],[139.0],[95.0],[],[],[]
0.005,1,3,[107.0],[140.0],"[57.0, 156.0]",[106.0],[139.0],[88.0],[],[],[]
0.005,1,4,[107.0],[140.0],"[54.0, 156.0]",[106.0],[139.0],[86.0],[],[],[]
0.005,1,5,[107.0],[140.0],"[54.0, 153.0]",[106.0],[139.0],[82.0],[],[],[]
0.005,1,6,[107.0],[140.0],"[53.0, 154.0]",[106.0],[139.0],[77.0],[],[],[]
0.005,1,7,[107.0],[140.0],"[53.0, 154.0]",[106.0],[139.0],[73.0],[],[],[]
0.005,1,8,[107.0],[140.0],"[53.0, 154.0]",[106.0],[139.0],[72.0],[],[],[]
0.005,1,9,[107.0],[140.0],"[53.0, 155.0]",[106.0],[139.0],"[71.0, 182.0]",[],[],[]
0.005,1,10,[107.0],[140.0],"[53.0, 155.0]",[106.0],[139.0],"[71.0, 180.0]",[],[],[]
0.005,1,11,[107.0],[140.0],"[53.0, 155.0]",[106.0],[139.0],"[71.0, 180.0]",[],[],[]
0.005,1,12,[107.0],[140.0],"[54.0, 156.0]",[106.0],[139.0],"[71.0, 180.0]",[],[],[]
0.005,1,13,[107.0],[140.0],"[54.0, 156.0]",[106.0],[139.0],"[71.0, 180.0]",[],[],[]
0.005,1,14,[107.0],[140.0],"[55.0, 157.0]",[106.0],[139.0],"[72.0, 181.0]",[],[],[]
0.005,2,1,[107.0],[140.0],[107.0],[106.0],[139.0],[106.0],[],[],[]
0.005,2,2,[107.0],[140.0],"[74.0, 173.0]",[106.0],[139.0],[95.0],[],[],[]
0.005,2,3,[107.0],[140.0],"[60.0, 158.0]",[106.0],[139.0],[89.0],[],[],[]
0.005,2,4,[107.0],[140.0],"[55.0, 157.0]",[106.0],[139.0],[86.0],[],[],[]
0.005,2,5,[107.0],[140.0],"[54.0, 156.0]",[106.0],[139.0],[82.0],[],[],[]
0.005,2,6,[107.0],[140.0],"[54.0, 155.0]",[106.0],[139.0],[78.0],[],[],[]
0.005,2,7,[107.0],[140.0],"[54.0, 155.0]",[106.0],[139.0],[74.0],[],[],[]
0.005,2,8,[107.0],[140.0],"[54.0, 155.0]",[106.0],[139.0],[73.0],[],[],[]
0.005,2,9,[107.0],[140.0],"[54.0, 155.0]",[106.0],[139.0],[72.0],[],[],[]
0.005,2,10,[107.0],[140.0],"[54.0, 156.0]",[106.0],[139.0],"[72.0, 184.0]",[],[],[]
0.005,2,11,[107.0],[140.0],"[54.0, 156.0]",[106.0],[139.0],"[72.0, 183.0]",[],[],[]
0.005,2,12,[107.0],[140.0],"[55.0, 157.0]",[106.0],[139.0],"[71.0, 181.0]",[],[],[]
0.005,2,13,[107.0],[140.0],"[55.0, 157.0]",[106.0],[139.0],"[72.0, 182.0]",[],[],[]
0.005,2,14,[107.0],[140.0],"[56.0, 157.0]",[106.0],[139.0],"[72.0, 182.0]",[],[],[]
0.005,5,1,[107.0],[143.0],[107.0],[107.0],[139.0],[107.0],[],[],[]
0.005,5,2,[107.0],[143.0],"[76.0, 177.0]",[107.0],[139.0],[96.0],[],[],[]
0.005,5,3,[107.0],[143.0],"[72.0, 170.0]",[107.0],[139.0],[89.0],[],[],[]
0.005,5,4,[107.0],[143.0],"[61.0, 160.0]",[107.0],[139.0],[87.0],[],[],[]
0.005,5,5,[107.0],[143.0],"[57.0, 158.0]",[107.0],[139.0],[84.0],[],[],[]
0.005,5,6,[107.0],[143.0],"[56.0, 158.0]",[107.0],[139.0],[80.0],[],[],[]
0.005,5,7,[107.0],[143.0],"[57.0, 159.0]",[107.0],[139.0],[77.0],[],[],[]
0.005,5,8,[107.0],[143.0],"[57.0, 159.0]",[107.0],[139.0],[76.0],[],[],[]
0.005,5,9,[107.0],[143.0],"[57.0, 159.0]",[107.0],[139.0],[75.0],[],[],[]
0.005,5,10,[107.0],[143.0],"[57.0, 159.0]",[107.0],[139.0],[74.0],[],[],[]
0.005,5,11,[107.0],[143.0],"[57.0, 159.0]",[107.0],[139.0],[73.0],[],[],[]
0.005,5,12,[107.0],[143.0],"[58.0, 160.0]",[107.0],[139.0],[73.0],[],[],[]
0.005,5,13,[107.0],[143.0],"[59.0, 160.0]",[107.0],[139.0],[73.0],[],[],[]
0.005,5,14,[107.0],[143.0],"[59.0, 161.0]",[107.0],[139.0],[74.0],[],[],[]
0.005,10,1,[110.0],[146.0],[110.0],[109.0],[140.0],[109.0],[],[],[]
0.005,10,2,[110.0],[146.0],[91.0],[109.0],[140.0],[98.0],[],[],[]
0.005,10,3,[110.0],[146.0],"[75.0, 179.0]",[109.0],[140.0],[93.0],[],[],[]
0.005,10,4,[110.0],[146.0],"[73.0, 175.0]",[109.0],[140.0],[88.0],[],[],[]
0.005,10,5,[110.0],[146.0],"[71.0, 174.0]",[109.0],[140.0],[86.0],[],[],[]
0.005,10,6,[110.0],[146.0],"[66.0, 167.0]",[109.0],[140.0],[83.0],[],[],[]
0.005,10,7,[110.0],[146.0],"[65.0, 166.0]",[109.0],[140.0],[81.0],[],[],[]
0.005,10,8,[110.0],[146.0],"[65.0, 166.0]",[109.0],[140.0],[80.0],[],[],[]
0.005,10,9,[110.0],[146.0],"[65.0, 166.0]",[109.0],[140.0],[79.0],[],[],[]
0.005,10,10,[110.0],[146.0],"[65.0, 166.0]",[109.0],[140.0],[78.0],[],[],[]
0.005,10,11,[110.0],[146.0],"[65.0, 166.0]",[109.0],[140.0],[77.0],[],[],[]
0.005,10,12,[110.0],[146.0],"[65.0, 166.0]",[109.0],[140.0],[77.0],[],[],[]
0.005,10,13,[110.0],[146.0],"[66.0, 167.0]",[109.0],[140.0],[77.0],[],[],[]
0.005,10,14,[110.0],[146.0],"[66.0, 167.0]",[109.0],[140.0],[77.0],[],[],[]
0.005,15,1,[115.0],[150.0],[115.0],[111.0],[142.0],[111.0],[],[],[]
0.005,15,2,[115.0],[150.0],[97.0],[111.0],[142.0],[100.0],[],[],[]
0.005,15,3,[115.0],[150.0],[79.0],[111.0],[142.0],[95.0],[],[],[]
0.005,15,4,[115.0],[150.0],"[77.0, 184.0]",[111.0],[142.0],[90.0],[],[],[]
0.005,15,5,[115.0],[150.0],"[75.0, 182.0]",[111.0],[142.0],[88.0],[],[],[]
0.005,15,6,[115.0],[150.0],"[74.0, 180.0]",[111.0],[142.0],[86.0],[],[],[]
0.005,15,7,[115.0],[150.0],"[74.0, 180.0]",[111.0],[142.0],[84.0],[],[],[]
0.005,15,8,[115.0],[150.0],"[74.0, 180.0]",[111.0],[142.0],[83.0],[],[],[]
0.005,15,9,[115.0],[150.0],"[74.0, 179.0]",[111.0],[142.0],[82.0],[],[],[]
0.005,15,10,[115.0],[150.0],"[73.0, 178.0]",[111.0],[142.0],[82.0],[],[],[]
0.005,15,11,[115.0],[150.0],"[74.0, 179.0]",[111.0],[142.0],[81.0],[],[],[]
0.005,15,12,[115.0],[150.0],"[74.0, 178.0]",[111.0],[142.0],[81.0],[],[],[]
0.005,15,13,[115.0],[150.0],"[74.0, 178.0]",[111.0],[142.0],[81.0],[],[],[]
0.005,15,14,[115.0],[150.0],"[74.0, 179.0]",[111.0],[142.0],[81.0],[],[],[]
0.005,20,1,[121.0],[154.0],[121.0],[113.0],[146.0],[113.0],[],[],[]
0.005,20,2,[121.0],[154.0],[101.0],[113.0],[146.0],[102.0],[],[],[]
0.005,20,3,[121.0],[154.0],[94.0],[113.0],[146.0],[96.0],[],[],[]
0.005,20,4,[121.0],[154.0],[87.0],[113.0],[146.0],[93.0],[],[],[]
0.005,20,5,[121.0],[154.0],[79.0],[113.0],[146.0],[89.0],[],[],[]
0.005,20,6,[121.0],[154.0],[78.0],[113.0],[146.0],[88.0],[],[],[]
0.005,20,7,[121.0],[154.0],[78.0],[113.0],[146.0],[86.0],[],[],[]
0.005,20,8,[121.0],[154.0],[78.0],[113.0],[146.0],[86.0],[],[],[]
0.005,20,9,[121.0],[154.0],[78.0],[113.0],[146.0],[86.0],[],[],[]
0.005,20,10,[121.0],[154.0],[78.0],[113.0],[146.0],[85.0],[],[],[]
0.005,20,11,[121.0],[154.0],[79.0],[113.0],[146.0],[85.0],[],[],[]
0.005,20,12,[121.0],[154.0],[79.0],[113.0],[146.0],[85.0],[],[],[]
0.005,20,13,[121.0],[154.0],[79.0],[113.0],[146.0],[85.0],[],[],[]
0.005,20,14,[121.0],[154.0],[79.0],[113.0],[146.0],[85.0],[],[],[]
0.005,50,1,[139.0],[170.0],[139.0],[137.0],[173.0],[137.0],[],[],[]
0.005,50,2,[139.0],[170.0],[124.0],[137.0],[173.0],[116.0],[],[],[]
0.005,50,3,[139.0],[170.0],[118.0],[137.0],[173.0],[110.0],[],[],[]
0.005,50,4,[139.0],[170.0],[115.0],[137.0],[173.0],[107.0],[],[],[]
0.005,50,5,[139.0],[170.0],[112.0],[137.0],[173.0],[105.0],[],[],[]
0.005,50,6,[139.0],[170.0],[111.0],[137.0],[173.0],[103.0],[],[],[]
0.005,50,7,[139.0],[170.0],[111.0],[137.0],[173.0],[102.0],[],[],[]
0.005,50,8,[139.0],[170.0],[111.0],[137.0],[173.0],[101.0],[],[],[]
0.005,50,9,[139.0],[170.0],[111.0],[137.0],[173.0],[101.0],[],[],[]
0.005,50,10,[139.0],[170.0],[111.0],[137.0],[173.0],[101.0],[],[],[]
0.005,50,11,[139.0],[170.0],[111.0],[137.0],[173.0],[101.0],[],[],[]
0.005,50,12,[139.0],[170.0],[111.0],[137.0],[173.0],[101.0],[],[],[]
0.005,50,13,[139.0],[170.0],[111.0],[137.0],[173.0],[101.0],[],[],[]
0.005,50,14,[139.0],[170.0],[111.0],[137.0],[173.0],[101.0],[],[],[]
0.002,1,1,[110.0],[149.0],[110.0],[107.0],[142.0],[107.0],[],[],[]
0.002,1,2,[110.0],[149.0],"[78.0, 177.0]",[107.0],[142.0],[100.0],[],[],[]
0.002,1,3,[110.0],[149.0],"[73.0, 173.0]",[107.0],[142.0],[94.0],[],[],[]
0.002,1,4,[110.0],[149.0],"[62.0, 161.0]",[107.0],[142.0],[89.0],[],[],[]
0.002,1,5,[110.0],[149.0],"[57.0, 159.0]",[107.0],[142.0],[87.0],[],[],[]
0.002,1,6,[110.0],[149.0],"[56.0, 158.0]",[107.0],[142.0],[85.0],[],[],[]
0.002,1,7,[110.0],[149.0],"[56.0, 158.0]",[107.0],[142.0],[82.0],[],[],[]
0.002,1,8,[110.0],[149.0],"[56.0, 158.0]",[107.0],[142.0],[81.0],[],[],[]
0.002,1,9,[110.0],[149.0],"[56.0, 158.0]",[107.0],[142.0],[80.0],[],[],[]
0.002,1,10,[110.0],[149.0],"[56.0, 158.0]",[107.0],[142.0],[80.0],[],[],[]
0.002,1,11,[110.0],[149.0],"[56.0, 159.0]",[107.0],[142.0],[79.0],[],[],[]
0.002,1,12,[110.0],[149.0],"[57.0, 159.0]",[107.0],[142.0],[78.0],[],[],[]
0.002,1,13,[110.0],[149.0],"[58.0, 160.0]",[107.0],[142.0],[78.0],[],[],[]
0.002,1,14,[110.0],[149.0],"[58.0, 160.0]",[107.0],[142.0],[78.0],[],[],[]
0.002,2,1,[110.0],[150.0],[110.0],[108.0],[142.0],[108.0],[],[],[]
0.002,2,2,[110.0],[150.0],"[78.0, 178.0]",[108.0],[142.0],[100.0],[],[],[]
0.002,2,3,[110.0],[150.0],"[74.0, 175.0]",[108.0],[142.0],[94.0],[],[],[]
0.002,2,4,[110.0],[150.0],"[67.0, 164.0]",[108.0],[142.0],[89.0],[],[],[]
0.002,2,5,[110.0],[150.0],"[60.0, 160.0]",[108.0],[142.0],[88.0],[],[],[]
0.002,2,6,[110.0],[150.0],"[57.0, 159.0]",[108.0],[142.0],[85.0],[],[],[]
0.002,2,7,[110.0],[150.0],"[57.0, 160.0]",[108.0],[142.0],[82.0],[],[],[]
0.002,2,8,[110.0],[150.0],"[57.0, 160.0]",[108.0],[142.0],[82.0],[],[],[]
0.002,2,9,[110.0],[150.0],"[57.0, 160.0]",[108.0],[142.0],[81.0],[],[],[]
0.002,2,10,[110.0],[150.0],"[57.0, 160.0]",[108.0],[142.0],[80.0],[],[],[]
0.002,2,11,[110.0],[150.0],"[57.0, 160.0]",[108.0],[142.0],[79.0],[],[],[]
0.002,2,12,[110.0],[150.0],"[58.0, 160.0]",[108.0],[142.0],[79.0],[],[],[]
0.002,2,13,[110.0],[150.0],"[59.0, 161.0]",[108.0],[142.0],[79.0],[],[],[]
0.002,2,14,[110.0],[150.0],"[59.0, 161.0]",[108.0],[142.0],[79.0],[],[],[]
0.002,5,1,[116.0],[154.0],[116.0],[109.0],[143.0],[109.0],[],[],[]
0.002,5,2,[116.0],[154.0],[97.0],[109.0],[143.0],[101.0],[],[],[]
0.002,5,3,[116.0],[154.0],"[76.0, 179.0]",[109.0],[143.0],[95.0],[],[],[]
0.002,5,4,[116.0],[154.0],"[74.0, 176.0]",[109.0],[143.0],[91.0],[],[],[]
0.002,5,5,[116.0],[154.0],"[68.0, 172.0]",[109.0],[143.0],[88.0],[],[],[]
0.002,5,6,[116.0],[154.0],"[64.0, 164.0]",[109.0],[143.0],[86.0],[],[],[]
0.002,5,7,[116.0],[154.0],"[62.0, 163.0]",[109.0],[143.0],[84.0],[],[],[]
0.002,5,8,[116.0],[154.0],"[61.0, 163.0]",[109.0],[143.0],[83.0],[],[],[]
0.002,5,9,[116.0],[154.0],"[60.0, 163.0]",[109.0],[143.0],[83.0],[],[],[]
0.002,5,10,[116.0],[154.0],"[60.0, 164.0]",[109.0],[143.0],[83.0],[],[],[]
0.002,5,11,[116.0],[154.0],"[61.0, 164.0]",[109.0],[143.0],[82.0],[],[],[]
0.002,5,12,[116.0],[154.0],"[61.0, 165.0]",[109.0],[143.0],[81.0],[],[],[]
0.002,5,13,[116.0],[154.0],"[63.0, 165.0]",[109.0],[143.0],[81.0],[],[],[]
0.002,5,14,[116.0],[154.0],"[63.0, 165.0]",[109.0],[143.0],[81.0],[],[],[]
0.002,10,1,[122.0],[156.0],[122.0],[112.0],[163.0],[112.0],[],[],[]
0.002,10,2,[122.0],[156.0],[100.0],[112.0],[163.0],[103.0],[],[],[]
0.002,10,3,[122.0],[156.0],[79.0],[112.0],[163.0],[97.0],[],[],[]
0.002,10,4,[122.0],[156.0],"[77.0, 184.0]",[112.0],[163.0],[94.0],[],[],[]
0.002,10,5,[122.0],[156.0],"[75.0, 181.0]",[112.0],[163.0],[90.0],[],[],[]
0.002,10,6,[122.0],[156.0],"[74.0, 179.0]",[112.0],[163.0],[88.0],[],[],[]
0.002,10,7,[122.0],[156.0],"[74.0, 180.0]",[112.0],[163.0],[87.0],[],[],[]
0.002,10,8,[122.0],[156.0],"[73.0, 178.0]",[112.0],[163.0],[86.0],[],[],[]
0.002,10,9,[122.0],[156.0],"[73.0, 178.0]",[112.0],[163.0],[86.0],[],[],[]
0.002,10,10,[122.0],[156.0],"[73.0, 178.0]",[112.0],[163.0],[86.0],[],[],[]
0.002,10,11,[122.0],[156.0],"[73.0, 177.0]",[112.0],[163.0],[85.0],[],[],[]
0.002,10,12,[122.0],[156.0],"[73.0, 177.0]",[112.0],[163.0],[85.0],[],[],[]
0.002,10,13,[122.0],[156.0],"[73.0, 177.0]",[112.0],[163.0],[85.0],[],[],[]
0.002,10,14,[122.0],[156.0],"[73.0, 178.0]",[112.0],[163.0],[85.0],[],[],[]
0.002,15,1,[124.0],[158.0],[124.0],[120.0],[165.0],[120.0],[],[],[]
0.002,15,2,[124.0],[158.0],[103.0],[120.0],[165.0],[105.0],[],[],[]
0.002,15,3,[124.0],[158.0],[97.0],[120.0],[165.0],[99.0],[],[],[]
0.002,15,4,[124.0],[158.0],[88.0],[120.0],[165.0],[95.0],[],[],[]
0.002,15,5,[124.0],[158.0],[79.0],[120.0],[165.0],[92.0],[],[],[]
0.002,15,6,[124.0],[158.0],[78.0],[120.0],[165.0],[90.0],[],[],[]
0.002,15,7,[124.0],[158.0],[78.0],[120.0],[165.0],[89.0],[],[],[]
0.002,15,8,[124.0],[158.0],[78.0],[120.0],[165.0],[88.0],[],[],[]
0.002,15,9,[124.0],[158.0],[78.0],[120.0],[165.0],[88.0],[],[],[]
0.002,15,10,[124.0],[158.0],[78.0],[120.0],[165.0],[88.0],[],[],[]
0.002,15,11,[124.0],[158.0],[78.0],[120.0],[165.0],[87.0],[],[],[]
0.002,15,12,[124.0],[158.0],[78.0],[120.0],[165.0],[87.0],[],[],[]
0.002,15,13,[124.0],[158.0],[79.0],[120.0],[165.0],[87.0],[],[],[]
0.002,15,14,[124.0],[158.0],[79.0],[120.0],[165.0],[87.0],[],[],[]
0.002,20,1,[128.0],[161.0],[128.0],[122.0],[168.0],[122.0],[],[],[]
0.002,20,2,[128.0],[161.0],[107.0],[122.0],[168.0],[107.0],[],[],[]
0.002,20,3,[128.0],[161.0],[100.0],[122.0],[168.0],[101.0],[],[],[]
0.002,20,4,[128.0],[161.0],[97.0],[122.0],[168.0],[97.0],[],[],[]
0.002,20,5,[128.0],[161.0],[90.0],[122.0],[168.0],[95.0],[],[],[]
0.002,20,6,[128.0],[161.0],[87.0],[122.0],[168.0],[92.0],[],[],[]
0.002,20,7,[128.0],[161.0],[84.0],[122.0],[168.0],[91.0],[],[],[]
0.002,20,8,[128.0],[161.0],[83.0],[122.0],[168.0],[90.0],[],[],[]
0.002,20,9,[128.0],[161.0],[83.0],[122.0],[168.0],[90.0],[],[],[]
0.002,20,10,[128.0],[161.0],[82.0],[122.0],[168.0],[90.0],[],[],[]
0.002,20,11,[128.0],[161.0],[83.0],[122.0],[168.0],[90.0],[],[],[]
0.002,20,12,[128.0],[161.0],[83.0],[122.0],[168.0],[90.0],[],[],[]
0.002,20,13,[128.0],[161.0],[84.0],[122.0],[168.0],[90.0],[],[],[]
0.002,20,14,[128.0],[161.0],[84.0],[122.0],[168.0],[90.0],[],[],[]
0.002,50,1,[143.0],[183.0],[143.0],[141.0],[],[141.0],[],[],[]
0.002,50,2,[143.0],[183.0],[130.0],[141.0],[],[123.0],[],[],[]
0.002,50,3,[143.0],[183.0],[124.0],[141.0],[],[116.0],[],[],[]
0.002,50,4,[143.0],[183.0],[122.0],[141.0],[],[111.0],[],[],[]
0.002,50,5,[143.0],[183.0],[117.0],[141.0],[],[109.0],[],[],[]
0.002,50,6,[143.0],[183.0],[116.0],[141.0],[],[108.0],[],[],[]
0.002,50,7,[143.0],[183.0],[115.0],[141.0],[],[107.0],[],[],[]
0.002,50,8,[143.0],[183.0],[115.0],[141.0],[],[106.0],[],[],[]
0.002,50,9,[143.0],[183.0],[115.0],[141.0],[],[106.0],[],[],[]
0.002,50,10,[143.0],[183.0],[115.0],[141.0],[],[106.0],[],[],[]
0.002,50,11,[143.0],[183.0],[115.0],[141.0],[],[106.0],[],[],[]
0.002,50,12,[143.0],[183.0],[115.0],[141.0],[],[106.0],[],[],[]
0.002,50,13,[143.0],[183.0],[115.0],[141.0],[],[106.0],[],[],[]
0.002,50,14,[143.0],[183.0],[115.0],[141.0],[],[107.0],[],[],[]
0.001,1,1,[122.0],[157.0],[122.0],[109.0],[146.0],[109.0],[],[],[]
0.001,1,2,[122.0],[157.0],[98.0],[109.0],[146.0],[103.0],[],[],[]
0.001,1,3,[122.0],[157.0],"[76.0, 179.0]",[109.0],[146.0],[97.0],[],[],[]
0.001,1,4,[122.0],[157.0],"[74.0, 176.0]",[109.0],[146.0],[94.0],[],[],[]
0.001,1,5,[122.0],[157.0],"[67.0, 166.0]",[109.0],[146.0],[89.0],[],[],[]
0.001,1,6,[122.0],[157.0],"[61.0, 162.0]",[109.0],[146.0],[88.0],[],[],[]
0.001,1,7,[122.0],[157.0],"[59.0, 161.0]",[109.0],[146.0],[86.0],[],[],[]
0.001,1,8,[122.0],[157.0],"[59.0, 162.0]",[109.0],[146.0],[86.0],[],[],[]
0.001,1,9,[122.0],[157.0],"[58.0, 162.0]",[109.0],[146.0],[85.0],[],[],[]
0.001,1,10,[122.0],[157.0],"[58.0, 162.0]",[109.0],[146.0],[85.0],[],[],[]
0.001,1,11,[122.0],[157.0],"[59.0, 163.0]",[109.0],[146.0],[84.0],[],[],[]
0.001,1,12,[122.0],[157.0],"[59.0, 163.0]",[109.0],[146.0],[84.0],[],[],[]
0.001,1,13,[122.0],[157.0],"[60.0, 163.0]",[109.0],[146.0],[84.0],[],[],[]
0.001,1,14,[122.0],[157.0],"[61.0, 164.0]",[109.0],[146.0],[84.0],[],[],[]
0.001,2,1,[122.0],[157.0],[122.0],[110.0],[164.0],[110.0],[],[],[]
0.001,2,2,[122.0],[157.0],[98.0],[110.0],[164.0],[104.0],[],[],[]
0.001,2,3,[122.0],[157.0],"[77.0, 180.0]",[110.0],[164.0],[97.0],[],[],[]
0.001,2,4,[122.0],[157.0],"[74.0, 177.0]",[110.0],[164.0],[94.0],[],[],[]
0.001,2,5,[122.0],[157.0],"[72.0, 174.0]",[110.0],[164.0],[90.0],[],[],[]
0.001,2,6,[122.0],[157.0],"[64.0, 164.0]",[110.0],[164.0],[88.0],[],[],[]
0.001,2,7,[122.0],[157.0],"[61.0, 162.0]",[110.0],[164.0],[87.0],[],[],[]
0.001,2,8,[122.0],[157.0],"[60.0, 163.0]",[110.0],[164.0],[86.0],[],[],[]
0.001,2,9,[122.0],[157.0],"[60.0, 164.0]",[110.0],[164.0],[86.0],[],[],[]
0.001,2,10,[122.0],[157.0],"[59.0, 163.0]",[110.0],[164.0],[86.0],[],[],[]
0.001,2,11,[122.0],[157.0],"[60.0, 164.0]",[110.0],[164.0],[85.0],[],[],[]
0.001,2,12,[122.0],[157.0],"[61.0, 165.0]",[110.0],[164.0],[85.0],[],[],[]
0.001,2,13,[122.0],[157.0],"[61.0, 165.0]",[110.0],[164.0],[85.0],[],[],[]
0.001,2,14,[122.0],[157.0],"[62.0, 166.0]",[110.0],[164.0],[85.0],[],[],[]
0.001,5,1,[123.0],[158.0],[123.0],[112.0],[165.0],[112.0],[],[],[]
0.001,5,2,[123.0],[158.0],[100.0],[112.0],[165.0],[105.0],[],[],[]
0.001,5,3,[123.0],[158.0],"[79.0, 183.0]",[112.0],[165.0],[98.0],[],[],[]
0.001,5,4,[123.0],[158.0],"[76.0, 182.0]",[112.0],[165.0],[95.0],[],[],[]
0.001,5,5,[123.0],[158.0],"[74.0, 179.0]",[112.0],[165.0],[91.0],[],[],[]
0.001,5,6,[123.0],[158.0],"[73.0, 178.0]",[112.0],[165.0],[89.0],[],[],[]
0.001,5,7,[123.0],[158.0],"[72.0, 176.0]",[112.0],[165.0],[88.0],[],[],[]
0.001,5,8,[123.0],[158.0],"[71.0, 175.0]",[112.0],[165.0],[87.0],[],[],[]
0.001,5,9,[123.0],[158.0],"[72.0, 175.0]",[112.0],[165.0],[87.0],[],[],[]
0.001,5,10,[123.0],[158.0],"[71.0, 174.0]",[112.0],[165.0],[87.0],[],[],[]
0.001,5,11,[123.0],[158.0],"[70.0, 174.0]",[112.0],[165.0],[86.0],[],[],[]
0.001,5,12,[123.0],[158.0],"[69.0, 173.0]",[112.0],[165.0],[86.0],[],[],[]
0.001,5,13,[123.0],[158.0],"[68.0, 171.0]",[112.0],[165.0],[86.0],[],[],[]
0.001,5,14,[123.0],[158.0],"[67.0, 170.0]",[112.0],[165.0],[86.0],[],[],[]
0.001,10,1,[127.0],[161.0],[127.0],[120.0],[167.0],[120.0],[],[],[]
0.001,10,2,[127.0],[161.0],[104.0],[120.0],[167.0],[106.0],[],[],[]
0.001,10,3,[127.0],[161.0],[97.0],[120.0],[167.0],[100.0],[],[],[]
0.001,10,4,[127.0],[161.0],[80.0],[120.0],[167.0],[96.0],[],[],[]
0.001,10,5,[127.0],[161.0],[78.0],[120.0],[167.0],[94.0],[],[],[]
0.001,10,6,[127.0],[161.0],[77.0],[120.0],[167.0],[91.0],[],[],[]
0.001,10,7,[127.0],[161.0],[77.0],[120.0],[167.0],[90.0],[],[],[]
0.001,10,8,[127.0],[161.0],[77.0],[120.0],[167.0],[89.0],[],[],[]
0.001,10,9,[127.0],[161.0],"[77.0, 184.0]",[120.0],[167.0],[89.0],[],[],[]
0.001,10,10,[127.0],[161.0],[77.0],[120.0],[167.0],[89.0],[],[],[]
0.001,10,11,[127.0],[161.0],[77.0],[120.0],[167.0],[89.0],[],[],[]
0.001,10,12,[127.0],[161.0],"[77.0, 184.0]",[120.0],[167.0],[88.0],[],[],[]
0.001,10,13,[127.0],[161.0],"[77.0, 184.0]",[120.0],[167.0],[88.0],[],[],[]
0.001,10,14,[127.0],[161.0],"[77.0, 184.0]",[120.0],[167.0],[89.0],[],[],[]
0.001,15,1,[129.0],[163.0],[129.0],[122.0],[169.0],[122.0],[],[],[]
0.001,15,2,[129.0],[163.0],[107.0],[122.0],[169.0],[108.0],[],[],[]
0.001,15,3,[129.0],[163.0],[100.0],[122.0],[169.0],[103.0],[],[],[]
0.001,15,4,[129.0],[163.0],[97.0],[122.0],[169.0],[98.0],[],[],[]
0.001,15,5,[129.0],[163.0],[90.0],[122.0],[169.0],[96.0],[],[],[]
0.001,15,6,[129.0],[163.0],[81.0],[122.0],[169.0],[93.0],[],[],[]
0.001,15,7,[129.0],[163.0],[81.0],[122.0],[169.0],[92.0],[],[],[]
0.001,15,8,[129.0],[163.0],[81.0],[122.0],[169.0],[91.0],[],[],[]
0.001,15,9,[129.0],[163.0],[81.0],[122.0],[169.0],[91.0],[],[],[]
0.001,15,10,[129.0],[163.0],[81.0],[122.0],[169.0],[91.0],[],[],[]
0.001,15,11,[129.0],[163.0],[81.0],[122.0],[169.0],[91.0],[],[],[]
0.001,15,12,[129.0],[163.0],[81.0],[122.0],[169.0],[91.0],[],[],[]
0.001,15,13,[129.0],[163.0],[82.0],[122.0],[169.0],[91.0],[],[],[]
0.001,15,14,[129.0],[163.0],[82.0],[122.0],[169.0],[91.0],[],[],[]
0.001,20,1,[131.0],[164.0],[131.0],[130.0],[171.0],[130.0],[],[],[]
0.001,20,2,[131.0],[164.0],[109.0],[130.0],[171.0],[109.0],[],[],[]
0.001,20,3,[131.0],[164.0],[104.0],[130.0],[171.0],[105.0],[],[],[]
0.001,20,4,[131.0],[164.0],[100.0],[130.0],[171.0],[101.0],[],[],[]
0.001,20,5,[131.0],[164.0],[97.0],[130.0],[171.0],[98.0],[],[],[]
0.001,20,6,[131.0],[164.0],[94.0],[130.0],[171.0],[95.0],[],[],[]
0.001,20,7,[131.0],[164.0],[92.0],[130.0],[171.0],[94.0],[],[],[]
0.001,20,8,[131.0],[164.0],[91.0],[130.0],[171.0],[93.0],[],[],[]
0.001,20,9,[131.0],[164.0],[91.0],[130.0],[171.0],[93.0],[],[],[]
0.001,20,10,[131.0],[164.0],[90.0],[130.0],[171.0],[93.0],[],[],[]
0.001,20,11,[131.0],[164.0],[88.0],[130.0],[171.0],[93.0],[],[],[]
0.001,20,12,[131.0],[164.0],[88.0],[130.0],[171.0],[93.0],[],[],[]
0.001,20,13,[131.0],[164.0],[88.0],[130.0],[171.0],[93.0],[],[],[]
0.001,20,14,[131.0],[164.0],[89.0],[130.0],[171.0],[94.0],[],[],[]
0.001,50,1,[147.0],[],[147.0],[146.0],[],[146.0],[],[],[]
0.001,50,2,[147.0],[],[134.0],[146.0],[],[130.0],[],[],[]
0.001,50,3,[147.0],[],[128.0],[146.0],[],[122.0],[],[],[]
0.001,50,4,[147.0],[],[125.0],[146.0],[],[116.0],[],[],[]
0.001,50,5,[147.0],[],[123.0],[146.0],[],[113.0],[],[],[]
0.001,50,6,[147.0],[],[120.0],[146.0],[],[111.0],[],[],[]
0.001,50,7,[147.0],[],[119.0],[146.0],[],[110.0],[],[],[]
0.001,50,8,[147.0],[],[118.0],[146.0],[],[110.0],[],[],[]
0.001,50,9,[147.0],[],[118.0],[146.0],[],[110.0],[],[],[]
0.001,50,10,[147.0],[],[118.0],[146.0],[],[110.0],[],[],[]
0.001,50,11,[147.0],[],[118.0],[146.0],[],[110.0],[],[],[]
0.001,50,12,[147.0],[],[118.0],[146.0],[],[110.0],[],[],[]
0.001,50,13,[147.0],[],[118.0],[146.0],[],[110.0],[],[],[]
0.001,50,14,[147.0],[],[119.0],[146.0],[],[110.0],[],[],[]
